-- ============================================================
-- Mock 批量演示数据 · 50 在途订单 + 50 员工 + 全链路
-- 由 tools/generate-mock-bulk-data.py 生成，勿手改
-- ============================================================

SET NAMES utf8mb4;
SET FOREIGN_KEY_CHECKS = 0;
USE `cnc_business`;

-- ---------- 物料主数据（10 个成品循环） ----------
INSERT IGNORE INTO `crm_material` (`material_code`, `material_name`, `spec`, `unit`, `category_id`, `cost_material`, `cost_labor`, `cost_machine`, `cost_overhead`, `cost_outsource`, `cost_total`) VALUES
('WL-A001', '精密法兰盘 A 型', 'DN80 / φ120', 'PCS', 1, 768.00, 192.00, 128.00, 64.00, 0.00, 1088.00),
('WL-A002', '液压阀体 B 型', 'DN50 / 16MPa', 'PCS', 1, 588.00, 147.00, 98.00, 49.00, 0.00, 833.00),
('WL-A003', '航空连接器外壳 C', 'φ60×45 航空铝', 'PCS', 1, 936.00, 234.00, 156.00, 78.00, 0.00, 1326.00),
('WL-A004', '齿轮箱壳体 D 型', 'HT250 / 250×180', 'PCS', 1, 408.00, 102.00, 68.00, 34.00, 0.00, 578.00),
('WL-A005', '精密轴套 E', '40Cr / φ45×80', 'PCS', 1, 252.00, 63.00, 42.00, 21.00, 0.00, 357.00),
('WL-A006', '设备支架 F', 'Q235 / 200×150', 'PCS', 1, 534.00, 133.50, 89.00, 44.50, 0.00, 756.50),
('WL-A007', '齿轮端盖 G', '45# 钢', 'PCS', 1, 432.00, 108.00, 72.00, 36.00, 0.00, 612.00),
('WL-A008', '电机底座 H', 'HT200 / 320×260', 'PCS', 1, 660.00, 165.00, 110.00, 55.00, 0.00, 935.00),
('WL-A009', '不锈钢滑块 I', '304 / 80×60', 'PCS', 1, 810.00, 202.50, 135.00, 67.50, 0.00, 1147.50),
('WL-A010', '直线导轨 J', '20mm / HGR20', 'PCS', 1, 1008.00, 252.00, 168.00, 84.00, 0.00, 1428.00)
ON DUPLICATE KEY UPDATE `material_name`=VALUES(`material_name`), `cost_total`=VALUES(`cost_total`);

-- ---------- 20 个演示客户 ----------
DELETE FROM `crm_customer` WHERE id BETWEEN 1101 AND 1120;
INSERT INTO `crm_customer` (`id`, `customer_code`, `name`, `industry`, `credit_limit`, `owner_id`, `protect_until`, `status`) VALUES
(1101, 'C-MOCK-0001', '演示客户01有限公司', '机械制造', 510000.00, 2, NULL, 'ACTIVE'),
(1102, 'C-MOCK-0002', '演示客户02有限公司', '机械制造', 520000.00, 2, NULL, 'ACTIVE'),
(1103, 'C-MOCK-0003', '演示客户03有限公司', '机械制造', 530000.00, 2, NULL, 'ACTIVE'),
(1104, 'C-MOCK-0004', '演示客户04有限公司', '机械制造', 540000.00, 2, NULL, 'ACTIVE'),
(1105, 'C-MOCK-0005', '演示客户05有限公司', '机械制造', 550000.00, 2, NULL, 'ACTIVE'),
(1106, 'C-MOCK-0006', '演示客户06有限公司', '机械制造', 560000.00, 2, NULL, 'ACTIVE'),
(1107, 'C-MOCK-0007', '演示客户07有限公司', '机械制造', 570000.00, 2, NULL, 'ACTIVE'),
(1108, 'C-MOCK-0008', '演示客户08有限公司', '机械制造', 580000.00, 2, NULL, 'ACTIVE'),
(1109, 'C-MOCK-0009', '演示客户09有限公司', '机械制造', 590000.00, 2, NULL, 'ACTIVE'),
(1110, 'C-MOCK-0010', '演示客户10有限公司', '机械制造', 600000.00, 2, NULL, 'ACTIVE'),
(1111, 'C-MOCK-0011', '演示客户11有限公司', '机械制造', 610000.00, 2, NULL, 'ACTIVE'),
(1112, 'C-MOCK-0012', '演示客户12有限公司', '机械制造', 620000.00, 2, NULL, 'ACTIVE'),
(1113, 'C-MOCK-0013', '演示客户13有限公司', '机械制造', 630000.00, 2, NULL, 'ACTIVE'),
(1114, 'C-MOCK-0014', '演示客户14有限公司', '机械制造', 640000.00, 2, NULL, 'ACTIVE'),
(1115, 'C-MOCK-0015', '演示客户15有限公司', '机械制造', 650000.00, 2, NULL, 'ACTIVE'),
(1116, 'C-MOCK-0016', '演示客户16有限公司', '机械制造', 660000.00, 2, NULL, 'ACTIVE'),
(1117, 'C-MOCK-0017', '演示客户17有限公司', '机械制造', 670000.00, 2, NULL, 'ACTIVE'),
(1118, 'C-MOCK-0018', '演示客户18有限公司', '机械制造', 680000.00, 2, NULL, 'ACTIVE'),
(1119, 'C-MOCK-0019', '演示客户19有限公司', '机械制造', 690000.00, 2, NULL, 'ACTIVE'),
(1120, 'C-MOCK-0020', '演示客户20有限公司', '机械制造', 700000.00, 2, NULL, 'ACTIVE');

-- ---------- 清理旧 Mock 区间 ----------
DELETE FROM `crm_quality_inspection_item` WHERE inspection_id BETWEEN 12001 AND 12099;
DELETE FROM `crm_quality_inspection` WHERE id BETWEEN 12001 AND 12099;
DELETE FROM `crm_purchase_order_item` WHERE po_id BETWEEN 1102 AND 1160;
DELETE FROM `crm_purchase_order` WHERE id BETWEEN 1102 AND 1160;
DELETE FROM `outsub_allocation_vendor` WHERE allocation_id BETWEEN 5001 AND 5099;
DELETE FROM `outsub_allocation` WHERE id BETWEEN 5001 AND 5099;
DELETE FROM `crm_outsource_item` WHERE outsource_no LIKE 'WW-20260601-%';
DELETE FROM `crm_outsource_history` WHERE outsource_no LIKE 'WW-20260601-%';
DELETE FROM `crm_outsource_order` WHERE outsource_no LIKE 'WW-20260601-%';
DELETE FROM `crm_workorder_step` WHERE workorder_id BETWEEN 9103 AND 9160;
DELETE FROM `crm_production_schedule` WHERE workorder_id BETWEEN 9103 AND 9160;
DELETE FROM `crm_workorder` WHERE id BETWEEN 9103 AND 9160;
DELETE FROM `crm_order_item` WHERE order_id BETWEEN 7102 AND 7160;
DELETE FROM `crm_order_history` WHERE order_id BETWEEN 7102 AND 7160;
DELETE FROM `crm_order` WHERE id BETWEEN 7102 AND 7160;
DELETE FROM `crm_quote_item` WHERE quote_id BETWEEN 8102 AND 8160;
DELETE FROM `crm_quote` WHERE id BETWEEN 8102 AND 8160;
DELETE FROM `crm_hr_attendance` WHERE employee_no LIKE 'EM-MOCK-%';
DELETE FROM `crm_hr_payroll` WHERE employee_no LIKE 'EM-MOCK-%';
DELETE FROM `crm_hr_performance` WHERE employee_no LIKE 'EM-MOCK-%';
DELETE FROM `crm_hr_employee` WHERE employee_no LIKE 'EM-MOCK-%';

-- ---------- 50 条在途订单（报价→订单→工单→委外→采购→质检） ----------
INSERT INTO `crm_quote` (`id`, `quote_no`, `customer_id`, `customer_name`, `owner_user_id`, `dept_id`, `total_amount`, `delivery_date`, `status`, `current_node`) VALUES
(8102, 'BJ-20260615-0001', 1101, '演示客户01有限公司', 2, 11, 34560.00, '2026-06-10', 'APPROVED', 99),
(8103, 'BJ-20260615-0002', 1102, '演示客户02有限公司', 2, 11, 33320.00, '2026-06-12', 'APPROVED', 99),
(8104, 'BJ-20260615-0003', 1103, '演示客户03有限公司', 2, 11, 63960.00, '2026-06-22', 'APPROVED', 99),
(8105, 'BJ-20260615-0004', 1104, '演示客户04有限公司', 2, 11, 32640.00, '2026-06-24', 'APPROVED', 99),
(8106, 'BJ-20260615-0005', 1105, '演示客户05有限公司', 2, 11, 23100.00, '2026-06-26', 'APPROVED', 99),
(8107, 'BJ-20260615-0006', 1106, '演示客户06有限公司', 2, 11, 55180.00, '2026-06-28', 'APPROVED', 99),
(8108, 'BJ-20260615-0007', 1107, '演示客户07有限公司', 2, 11, 49680.00, '2026-07-30', 'APPROVED', 99),
(8109, 'BJ-20260615-0008', 1108, '演示客户08有限公司', 2, 11, 83600.00, '2026-08-01', 'APPROVED', 99),
(8110, 'BJ-20260615-0009', 1109, '演示客户09有限公司', 2, 11, 112050.00, '2026-08-03', 'APPROVED', 99),
(8111, 'BJ-20260615-0010', 1110, '演示客户10有限公司', 2, 11, 151200.00, '2026-06-20', 'APPROVED', 99),
(8112, 'BJ-20260615-0011', 1111, '演示客户11有限公司', 2, 11, 124160.00, '2026-06-22', 'APPROVED', 99),
(8113, 'BJ-20260615-0012', 1112, '演示客户12有限公司', 2, 11, 101920.00, '2026-06-24', 'APPROVED', 99),
(8114, 'BJ-20260615-0013', 1113, '演示客户13有限公司', 2, 11, 173160.00, '2026-07-12', 'APPROVED', 99),
(8115, 'BJ-20260615-0014', 1114, '演示客户14有限公司', 2, 11, 80240.00, '2026-07-14', 'APPROVED', 99),
(8116, 'BJ-20260615-0015', 1115, '演示客户15有限公司', 2, 11, 52500.00, '2026-07-16', 'APPROVED', 99),
(8117, 'BJ-20260615-0016', 1116, '演示客户16有限公司', 2, 11, 117480.00, '2026-07-02', 'APPROVED', 99),
(8118, 'BJ-20260615-0017', 1117, '演示客户17有限公司', 2, 11, 100080.00, '2026-08-03', 'APPROVED', 99),
(8119, 'BJ-20260615-0018', 1118, '演示客户18有限公司', 2, 11, 160600.00, '2026-08-05', 'APPROVED', 99),
(8120, 'BJ-20260615-0019', 1119, '演示客户19有限公司', 2, 11, 206550.00, '2026-08-07', 'APPROVED', 99),
(8121, 'BJ-20260615-0020', 1120, '演示客户20有限公司', 2, 11, 268800.00, '2026-07-02', 'APPROVED', 99),
(8122, 'BJ-20260615-0021', 1101, '演示客户01有限公司', 2, 11, 213760.00, '2026-07-04', 'APPROVED', 99),
(8123, 'BJ-20260615-0022', 1102, '演示客户02有限公司', 2, 11, 170520.00, '2026-07-06', 'APPROVED', 99),
(8124, 'BJ-20260615-0023', 1103, '演示客户03有限公司', 2, 11, 282360.00, '2026-07-16', 'APPROVED', 99),
(8125, 'BJ-20260615-0024', 1104, '演示客户04有限公司', 2, 11, 127840.00, '2026-07-18', 'APPROVED', 99),
(8126, 'BJ-20260615-0025', 1105, '演示客户05有限公司', 2, 11, 81900.00, '2026-07-20', 'APPROVED', 99),
(8127, 'BJ-20260615-0026', 1106, '演示客户06有限公司', 2, 11, 19580.00, '2026-07-22', 'APPROVED', 99),
(8128, 'BJ-20260615-0027', 1107, '演示客户07有限公司', 2, 11, 20880.00, '2026-08-23', 'APPROVED', 99),
(8129, 'BJ-20260615-0028', 1108, '演示客户08有限公司', 2, 11, 39600.00, '2026-07-28', 'APPROVED', 99),
(8130, 'BJ-20260615-0029', 1109, '演示客户09有限公司', 2, 11, 58050.00, '2026-07-30', 'APPROVED', 99),
(8131, 'BJ-20260615-0030', 1110, '演示客户10有限公司', 2, 11, 84000.00, '2026-06-16', 'APPROVED', 99),
(8132, 'BJ-20260615-0031', 1111, '演示客户11有限公司', 2, 11, 72960.00, '2026-06-18', 'APPROVED', 99),
(8133, 'BJ-20260615-0032', 1112, '演示客户12有限公司', 2, 11, 62720.00, '2026-06-12', 'APPROVED', 99),
(8134, 'BJ-20260615-0033', 1113, '演示客户13有限公司', 2, 11, 110760.00, '2026-06-22', 'APPROVED', 99),
(8135, 'BJ-20260615-0034', 1114, '演示客户14有限公司', 2, 11, 53040.00, '2026-06-24', 'APPROVED', 99),
(8136, 'BJ-20260615-0035', 1115, '演示客户15有限公司', 2, 11, 35700.00, '2026-06-26', 'APPROVED', 99),
(8137, 'BJ-20260615-0036', 1116, '演示客户16有限公司', 2, 11, 81880.00, '2026-06-28', 'APPROVED', 99),
(8138, 'BJ-20260615-0037', 1117, '演示客户17有限公司', 2, 11, 71280.00, '2026-07-30', 'APPROVED', 99),
(8139, 'BJ-20260615-0038', 1118, '演示客户18有限公司', 2, 11, 116600.00, '2026-08-01', 'APPROVED', 99),
(8140, 'BJ-20260615-0039', 1119, '演示客户19有限公司', 2, 11, 152550.00, '2026-08-03', 'APPROVED', 99),
(8141, 'BJ-20260615-0040', 1120, '演示客户20有限公司', 2, 11, 201600.00, '2026-06-20', 'APPROVED', 99),
(8142, 'BJ-20260615-0041', 1101, '演示客户01有限公司', 2, 11, 162560.00, '2026-06-22', 'APPROVED', 99),
(8143, 'BJ-20260615-0042', 1102, '演示客户02有限公司', 2, 11, 131320.00, '2026-06-24', 'APPROVED', 99),
(8144, 'BJ-20260615-0043', 1103, '演示客户03有限公司', 2, 11, 219960.00, '2026-07-12', 'APPROVED', 99),
(8145, 'BJ-20260615-0044', 1104, '演示客户04有限公司', 2, 11, 100640.00, '2026-07-14', 'APPROVED', 99),
(8146, 'BJ-20260615-0045', 1105, '演示客户05有限公司', 2, 11, 65100.00, '2026-07-16', 'APPROVED', 99),
(8147, 'BJ-20260615-0046', 1106, '演示客户06有限公司', 2, 11, 144180.00, '2026-07-18', 'APPROVED', 99),
(8148, 'BJ-20260615-0047', 1107, '演示客户07有限公司', 2, 11, 121680.00, '2026-08-19', 'APPROVED', 99),
(8149, 'BJ-20260615-0048', 1108, '演示客户08有限公司', 2, 11, 193600.00, '2026-08-05', 'APPROVED', 99),
(8150, 'BJ-20260615-0049', 1109, '演示客户09有限公司', 2, 11, 247050.00, '2026-08-07', 'APPROVED', 99),
(8151, 'BJ-20260615-0050', 1110, '演示客户10有限公司', 2, 11, 319200.00, '2026-07-02', 'APPROVED', 99);

INSERT INTO `crm_quote_item` (`quote_id`, `drawing_no`, `material`, `spec`, `quantity`, `unit_price`, `amount`, `sort`) VALUES
(8102, 'DWG-20260615-0001', '45#钢', 'DN80 / φ120', 27, 1280.00, 34560.00, 1),
(8103, 'DWG-20260615-0002', '45#钢', 'DN50 / 16MPa', 34, 980.00, 33320.00, 1),
(8104, 'DWG-20260615-0003', '45#钢', 'φ60×45 航空铝', 41, 1560.00, 63960.00, 1),
(8105, 'DWG-20260615-0004', '45#钢', 'HT250 / 250×180', 48, 680.00, 32640.00, 1),
(8106, 'DWG-20260615-0005', '45#钢', '40Cr / φ45×80', 55, 420.00, 23100.00, 1),
(8107, 'DWG-20260615-0006', '45#钢', 'Q235 / 200×150', 62, 890.00, 55180.00, 1),
(8108, 'DWG-20260615-0007', '45#钢', '45# 钢', 69, 720.00, 49680.00, 1),
(8109, 'DWG-20260615-0008', '45#钢', 'HT200 / 320×260', 76, 1100.00, 83600.00, 1),
(8110, 'DWG-20260615-0009', '45#钢', '304 / 80×60', 83, 1350.00, 112050.00, 1),
(8111, 'DWG-20260615-0010', '45#钢', '20mm / HGR20', 90, 1680.00, 151200.00, 1),
(8112, 'DWG-20260615-0011', '45#钢', 'DN80 / φ120', 97, 1280.00, 124160.00, 1),
(8113, 'DWG-20260615-0012', '45#钢', 'DN50 / 16MPa', 104, 980.00, 101920.00, 1),
(8114, 'DWG-20260615-0013', '45#钢', 'φ60×45 航空铝', 111, 1560.00, 173160.00, 1),
(8115, 'DWG-20260615-0014', '45#钢', 'HT250 / 250×180', 118, 680.00, 80240.00, 1),
(8116, 'DWG-20260615-0015', '45#钢', '40Cr / φ45×80', 125, 420.00, 52500.00, 1),
(8117, 'DWG-20260615-0016', '45#钢', 'Q235 / 200×150', 132, 890.00, 117480.00, 1),
(8118, 'DWG-20260615-0017', '45#钢', '45# 钢', 139, 720.00, 100080.00, 1),
(8119, 'DWG-20260615-0018', '45#钢', 'HT200 / 320×260', 146, 1100.00, 160600.00, 1),
(8120, 'DWG-20260615-0019', '45#钢', '304 / 80×60', 153, 1350.00, 206550.00, 1),
(8121, 'DWG-20260615-0020', '45#钢', '20mm / HGR20', 160, 1680.00, 268800.00, 1),
(8122, 'DWG-20260615-0021', '45#钢', 'DN80 / φ120', 167, 1280.00, 213760.00, 1),
(8123, 'DWG-20260615-0022', '45#钢', 'DN50 / 16MPa', 174, 980.00, 170520.00, 1),
(8124, 'DWG-20260615-0023', '45#钢', 'φ60×45 航空铝', 181, 1560.00, 282360.00, 1),
(8125, 'DWG-20260615-0024', '45#钢', 'HT250 / 250×180', 188, 680.00, 127840.00, 1),
(8126, 'DWG-20260615-0025', '45#钢', '40Cr / φ45×80', 195, 420.00, 81900.00, 1),
(8127, 'DWG-20260615-0026', '45#钢', 'Q235 / 200×150', 22, 890.00, 19580.00, 1),
(8128, 'DWG-20260615-0027', '45#钢', '45# 钢', 29, 720.00, 20880.00, 1),
(8129, 'DWG-20260615-0028', '45#钢', 'HT200 / 320×260', 36, 1100.00, 39600.00, 1),
(8130, 'DWG-20260615-0029', '45#钢', '304 / 80×60', 43, 1350.00, 58050.00, 1),
(8131, 'DWG-20260615-0030', '45#钢', '20mm / HGR20', 50, 1680.00, 84000.00, 1),
(8132, 'DWG-20260615-0031', '45#钢', 'DN80 / φ120', 57, 1280.00, 72960.00, 1),
(8133, 'DWG-20260615-0032', '45#钢', 'DN50 / 16MPa', 64, 980.00, 62720.00, 1),
(8134, 'DWG-20260615-0033', '45#钢', 'φ60×45 航空铝', 71, 1560.00, 110760.00, 1),
(8135, 'DWG-20260615-0034', '45#钢', 'HT250 / 250×180', 78, 680.00, 53040.00, 1),
(8136, 'DWG-20260615-0035', '45#钢', '40Cr / φ45×80', 85, 420.00, 35700.00, 1),
(8137, 'DWG-20260615-0036', '45#钢', 'Q235 / 200×150', 92, 890.00, 81880.00, 1),
(8138, 'DWG-20260615-0037', '45#钢', '45# 钢', 99, 720.00, 71280.00, 1),
(8139, 'DWG-20260615-0038', '45#钢', 'HT200 / 320×260', 106, 1100.00, 116600.00, 1),
(8140, 'DWG-20260615-0039', '45#钢', '304 / 80×60', 113, 1350.00, 152550.00, 1),
(8141, 'DWG-20260615-0040', '45#钢', '20mm / HGR20', 120, 1680.00, 201600.00, 1),
(8142, 'DWG-20260615-0041', '45#钢', 'DN80 / φ120', 127, 1280.00, 162560.00, 1),
(8143, 'DWG-20260615-0042', '45#钢', 'DN50 / 16MPa', 134, 980.00, 131320.00, 1),
(8144, 'DWG-20260615-0043', '45#钢', 'φ60×45 航空铝', 141, 1560.00, 219960.00, 1),
(8145, 'DWG-20260615-0044', '45#钢', 'HT250 / 250×180', 148, 680.00, 100640.00, 1),
(8146, 'DWG-20260615-0045', '45#钢', '40Cr / φ45×80', 155, 420.00, 65100.00, 1),
(8147, 'DWG-20260615-0046', '45#钢', 'Q235 / 200×150', 162, 890.00, 144180.00, 1),
(8148, 'DWG-20260615-0047', '45#钢', '45# 钢', 169, 720.00, 121680.00, 1),
(8149, 'DWG-20260615-0048', '45#钢', 'HT200 / 320×260', 176, 1100.00, 193600.00, 1),
(8150, 'DWG-20260615-0049', '45#钢', '304 / 80×60', 183, 1350.00, 247050.00, 1),
(8151, 'DWG-20260615-0050', '45#钢', '20mm / HGR20', 190, 1680.00, 319200.00, 1);

INSERT INTO `crm_order` (`id`, `order_no`, `quote_id`, `customer_id`, `customer_name`, `owner_user_id`, `dept_id`, `total_amount`, `delivery_date`, `status`, `production_order_no`) VALUES
(7102, 'XS-20260601-0001', 8102, 1101, '演示客户01有限公司', 2, 11, 34560.00, '2026-06-10', 'CONFIRMED', NULL),
(7103, 'XS-20260601-0002', 8103, 1102, '演示客户02有限公司', 2, 11, 33320.00, '2026-06-12', 'CONFIRMED', NULL),
(7104, 'XS-20260601-0003', 8104, 1103, '演示客户03有限公司', 2, 11, 63960.00, '2026-06-22', 'CONFIRMED', NULL),
(7105, 'XS-20260601-0004', 8105, 1104, '演示客户04有限公司', 2, 11, 32640.00, '2026-06-24', 'CONFIRMED', NULL),
(7106, 'XS-20260601-0005', 8106, 1105, '演示客户05有限公司', 2, 11, 23100.00, '2026-06-26', 'CONFIRMED', NULL),
(7107, 'XS-20260601-0006', 8107, 1106, '演示客户06有限公司', 2, 11, 55180.00, '2026-06-28', 'PRODUCING', 'GD-20260601-0006'),
(7108, 'XS-20260601-0007', 8108, 1107, '演示客户07有限公司', 2, 11, 49680.00, '2026-07-30', 'PRODUCING', 'GD-20260601-0007'),
(7109, 'XS-20260601-0008', 8109, 1108, '演示客户08有限公司', 2, 11, 83600.00, '2026-08-01', 'PRODUCING', 'GD-20260601-0008'),
(7110, 'XS-20260601-0009', 8110, 1109, '演示客户09有限公司', 2, 11, 112050.00, '2026-08-03', 'PRODUCING', 'GD-20260601-0009'),
(7111, 'XS-20260601-0010', 8111, 1110, '演示客户10有限公司', 2, 11, 151200.00, '2026-06-20', 'PRODUCING', 'GD-20260601-0010'),
(7112, 'XS-20260601-0011', 8112, 1111, '演示客户11有限公司', 2, 11, 124160.00, '2026-06-22', 'PRODUCING', 'GD-20260601-0011'),
(7113, 'XS-20260601-0012', 8113, 1112, '演示客户12有限公司', 2, 11, 101920.00, '2026-06-24', 'PRODUCING', 'GD-20260601-0012'),
(7114, 'XS-20260601-0013', 8114, 1113, '演示客户13有限公司', 2, 11, 173160.00, '2026-07-12', 'PRODUCING', 'GD-20260601-0013'),
(7115, 'XS-20260601-0014', 8115, 1114, '演示客户14有限公司', 2, 11, 80240.00, '2026-07-14', 'PRODUCING', 'GD-20260601-0014'),
(7116, 'XS-20260601-0015', 8116, 1115, '演示客户15有限公司', 2, 11, 52500.00, '2026-07-16', 'PRODUCING', 'GD-20260601-0015'),
(7117, 'XS-20260601-0016', 8117, 1116, '演示客户16有限公司', 2, 11, 117480.00, '2026-07-02', 'PRODUCING', 'GD-20260601-0016'),
(7118, 'XS-20260601-0017', 8118, 1117, '演示客户17有限公司', 2, 11, 100080.00, '2026-08-03', 'PRODUCING', 'GD-20260601-0017'),
(7119, 'XS-20260601-0018', 8119, 1118, '演示客户18有限公司', 2, 11, 160600.00, '2026-08-05', 'PRODUCING', 'GD-20260601-0018'),
(7120, 'XS-20260601-0019', 8120, 1119, '演示客户19有限公司', 2, 11, 206550.00, '2026-08-07', 'PRODUCING', 'GD-20260601-0019'),
(7121, 'XS-20260601-0020', 8121, 1120, '演示客户20有限公司', 2, 11, 268800.00, '2026-07-02', 'PRODUCING', 'GD-20260601-0020'),
(7122, 'XS-20260601-0021', 8122, 1101, '演示客户01有限公司', 2, 11, 213760.00, '2026-07-04', 'PRODUCING', 'GD-20260601-0021'),
(7123, 'XS-20260601-0022', 8123, 1102, '演示客户02有限公司', 2, 11, 170520.00, '2026-07-06', 'PRODUCING', 'GD-20260601-0022'),
(7124, 'XS-20260601-0023', 8124, 1103, '演示客户03有限公司', 2, 11, 282360.00, '2026-07-16', 'PRODUCING', 'GD-20260601-0023'),
(7125, 'XS-20260601-0024', 8125, 1104, '演示客户04有限公司', 2, 11, 127840.00, '2026-07-18', 'PRODUCING', 'GD-20260601-0024'),
(7126, 'XS-20260601-0025', 8126, 1105, '演示客户05有限公司', 2, 11, 81900.00, '2026-07-20', 'PRODUCING', 'GD-20260601-0025'),
(7127, 'XS-20260601-0026', 8127, 1106, '演示客户06有限公司', 2, 11, 19580.00, '2026-07-22', 'PRODUCING', 'GD-20260601-0026'),
(7128, 'XS-20260601-0027', 8128, 1107, '演示客户07有限公司', 2, 11, 20880.00, '2026-08-23', 'PRODUCING', 'GD-20260601-0027'),
(7129, 'XS-20260601-0028', 8129, 1108, '演示客户08有限公司', 2, 11, 39600.00, '2026-07-28', 'PRODUCING', 'GD-20260601-0028'),
(7130, 'XS-20260601-0029', 8130, 1109, '演示客户09有限公司', 2, 11, 58050.00, '2026-07-30', 'PRODUCING', 'GD-20260601-0029'),
(7131, 'XS-20260601-0030', 8131, 1110, '演示客户10有限公司', 2, 11, 84000.00, '2026-06-16', 'PRODUCING', 'GD-20260601-0030'),
(7132, 'XS-20260601-0031', 8132, 1111, '演示客户11有限公司', 2, 11, 72960.00, '2026-06-18', 'PRODUCING', 'GD-20260601-0031'),
(7133, 'XS-20260601-0032', 8133, 1112, '演示客户12有限公司', 2, 11, 62720.00, '2026-06-12', 'PRODUCING', 'GD-20260601-0032'),
(7134, 'XS-20260601-0033', 8134, 1113, '演示客户13有限公司', 2, 11, 110760.00, '2026-06-22', 'PRODUCING', 'GD-20260601-0033'),
(7135, 'XS-20260601-0034', 8135, 1114, '演示客户14有限公司', 2, 11, 53040.00, '2026-06-24', 'PRODUCING', 'GD-20260601-0034'),
(7136, 'XS-20260601-0035', 8136, 1115, '演示客户15有限公司', 2, 11, 35700.00, '2026-06-26', 'PRODUCING', 'GD-20260601-0035'),
(7137, 'XS-20260601-0036', 8137, 1116, '演示客户16有限公司', 2, 11, 81880.00, '2026-06-28', 'PRODUCING', 'GD-20260601-0036'),
(7138, 'XS-20260601-0037', 8138, 1117, '演示客户17有限公司', 2, 11, 71280.00, '2026-07-30', 'PRODUCING', 'GD-20260601-0037'),
(7139, 'XS-20260601-0038', 8139, 1118, '演示客户18有限公司', 2, 11, 116600.00, '2026-08-01', 'PRODUCING', 'GD-20260601-0038'),
(7140, 'XS-20260601-0039', 8140, 1119, '演示客户19有限公司', 2, 11, 152550.00, '2026-08-03', 'PRODUCING', 'GD-20260601-0039'),
(7141, 'XS-20260601-0040', 8141, 1120, '演示客户20有限公司', 2, 11, 201600.00, '2026-06-20', 'PRODUCING', 'GD-20260601-0040'),
(7142, 'XS-20260601-0041', 8142, 1101, '演示客户01有限公司', 2, 11, 162560.00, '2026-06-22', 'PARTIAL_SHIPPED', 'GD-20260601-0041'),
(7143, 'XS-20260601-0042', 8143, 1102, '演示客户02有限公司', 2, 11, 131320.00, '2026-06-24', 'PARTIAL_SHIPPED', 'GD-20260601-0042'),
(7144, 'XS-20260601-0043', 8144, 1103, '演示客户03有限公司', 2, 11, 219960.00, '2026-07-12', 'PARTIAL_SHIPPED', 'GD-20260601-0043'),
(7145, 'XS-20260601-0044', 8145, 1104, '演示客户04有限公司', 2, 11, 100640.00, '2026-07-14', 'PARTIAL_SHIPPED', 'GD-20260601-0044'),
(7146, 'XS-20260601-0045', 8146, 1105, '演示客户05有限公司', 2, 11, 65100.00, '2026-07-16', 'PARTIAL_SHIPPED', 'GD-20260601-0045'),
(7147, 'XS-20260601-0046', 8147, 1106, '演示客户06有限公司', 2, 11, 144180.00, '2026-07-18', 'SHIPPED', 'GD-20260601-0046'),
(7148, 'XS-20260601-0047', 8148, 1107, '演示客户07有限公司', 2, 11, 121680.00, '2026-08-19', 'SHIPPED', 'GD-20260601-0047'),
(7149, 'XS-20260601-0048', 8149, 1108, '演示客户08有限公司', 2, 11, 193600.00, '2026-08-05', 'SHIPPED', 'GD-20260601-0048'),
(7150, 'XS-20260601-0049', 8150, 1109, '演示客户09有限公司', 2, 11, 247050.00, '2026-08-07', 'SHIPPED', 'GD-20260601-0049'),
(7151, 'XS-20260601-0050', 8151, 1110, '演示客户10有限公司', 2, 11, 319200.00, '2026-07-02', 'SHIPPED', 'GD-20260601-0050');

INSERT INTO `crm_order_item` (`order_id`, `drawing_no`, `material`, `quantity`, `unit_price`, `amount`, `sort`) VALUES
(7102, 'DWG-20260615-0001', '45#钢', 27, 1280.00, 34560.00, 1),
(7103, 'DWG-20260615-0002', '45#钢', 34, 980.00, 33320.00, 1),
(7104, 'DWG-20260615-0003', '45#钢', 41, 1560.00, 63960.00, 1),
(7105, 'DWG-20260615-0004', '45#钢', 48, 680.00, 32640.00, 1),
(7106, 'DWG-20260615-0005', '45#钢', 55, 420.00, 23100.00, 1),
(7107, 'DWG-20260615-0006', '45#钢', 62, 890.00, 55180.00, 1),
(7108, 'DWG-20260615-0007', '45#钢', 69, 720.00, 49680.00, 1),
(7109, 'DWG-20260615-0008', '45#钢', 76, 1100.00, 83600.00, 1),
(7110, 'DWG-20260615-0009', '45#钢', 83, 1350.00, 112050.00, 1),
(7111, 'DWG-20260615-0010', '45#钢', 90, 1680.00, 151200.00, 1),
(7112, 'DWG-20260615-0011', '45#钢', 97, 1280.00, 124160.00, 1),
(7113, 'DWG-20260615-0012', '45#钢', 104, 980.00, 101920.00, 1),
(7114, 'DWG-20260615-0013', '45#钢', 111, 1560.00, 173160.00, 1),
(7115, 'DWG-20260615-0014', '45#钢', 118, 680.00, 80240.00, 1),
(7116, 'DWG-20260615-0015', '45#钢', 125, 420.00, 52500.00, 1),
(7117, 'DWG-20260615-0016', '45#钢', 132, 890.00, 117480.00, 1),
(7118, 'DWG-20260615-0017', '45#钢', 139, 720.00, 100080.00, 1),
(7119, 'DWG-20260615-0018', '45#钢', 146, 1100.00, 160600.00, 1),
(7120, 'DWG-20260615-0019', '45#钢', 153, 1350.00, 206550.00, 1),
(7121, 'DWG-20260615-0020', '45#钢', 160, 1680.00, 268800.00, 1),
(7122, 'DWG-20260615-0021', '45#钢', 167, 1280.00, 213760.00, 1),
(7123, 'DWG-20260615-0022', '45#钢', 174, 980.00, 170520.00, 1),
(7124, 'DWG-20260615-0023', '45#钢', 181, 1560.00, 282360.00, 1),
(7125, 'DWG-20260615-0024', '45#钢', 188, 680.00, 127840.00, 1),
(7126, 'DWG-20260615-0025', '45#钢', 195, 420.00, 81900.00, 1),
(7127, 'DWG-20260615-0026', '45#钢', 22, 890.00, 19580.00, 1),
(7128, 'DWG-20260615-0027', '45#钢', 29, 720.00, 20880.00, 1),
(7129, 'DWG-20260615-0028', '45#钢', 36, 1100.00, 39600.00, 1),
(7130, 'DWG-20260615-0029', '45#钢', 43, 1350.00, 58050.00, 1),
(7131, 'DWG-20260615-0030', '45#钢', 50, 1680.00, 84000.00, 1),
(7132, 'DWG-20260615-0031', '45#钢', 57, 1280.00, 72960.00, 1),
(7133, 'DWG-20260615-0032', '45#钢', 64, 980.00, 62720.00, 1),
(7134, 'DWG-20260615-0033', '45#钢', 71, 1560.00, 110760.00, 1),
(7135, 'DWG-20260615-0034', '45#钢', 78, 680.00, 53040.00, 1),
(7136, 'DWG-20260615-0035', '45#钢', 85, 420.00, 35700.00, 1),
(7137, 'DWG-20260615-0036', '45#钢', 92, 890.00, 81880.00, 1),
(7138, 'DWG-20260615-0037', '45#钢', 99, 720.00, 71280.00, 1),
(7139, 'DWG-20260615-0038', '45#钢', 106, 1100.00, 116600.00, 1),
(7140, 'DWG-20260615-0039', '45#钢', 113, 1350.00, 152550.00, 1),
(7141, 'DWG-20260615-0040', '45#钢', 120, 1680.00, 201600.00, 1),
(7142, 'DWG-20260615-0041', '45#钢', 127, 1280.00, 162560.00, 1),
(7143, 'DWG-20260615-0042', '45#钢', 134, 980.00, 131320.00, 1),
(7144, 'DWG-20260615-0043', '45#钢', 141, 1560.00, 219960.00, 1),
(7145, 'DWG-20260615-0044', '45#钢', 148, 680.00, 100640.00, 1),
(7146, 'DWG-20260615-0045', '45#钢', 155, 420.00, 65100.00, 1),
(7147, 'DWG-20260615-0046', '45#钢', 162, 890.00, 144180.00, 1),
(7148, 'DWG-20260615-0047', '45#钢', 169, 720.00, 121680.00, 1),
(7149, 'DWG-20260615-0048', '45#钢', 176, 1100.00, 193600.00, 1),
(7150, 'DWG-20260615-0049', '45#钢', 183, 1350.00, 247050.00, 1),
(7151, 'DWG-20260615-0050', '45#钢', 190, 1680.00, 319200.00, 1);

INSERT INTO `crm_order_history` (`order_id`, `operation`, `before_json`, `after_json`, `changed_by`, `changed_at`) VALUES
(7102, 'CREATE', NULL, '{"status":"DRAFT"}', 2, '2026-06-02 09:00:00'),
(7102, 'CONFIRM', NULL, '{"status":"CONFIRMED"}', 2, '2026-06-02 10:00:00'),
(7103, 'CREATE', NULL, '{"status":"DRAFT"}', 2, '2026-06-03 09:00:00'),
(7103, 'CONFIRM', NULL, '{"status":"CONFIRMED"}', 2, '2026-06-03 10:00:00'),
(7104, 'CREATE', NULL, '{"status":"DRAFT"}', 2, '2026-06-04 09:00:00'),
(7104, 'CONFIRM', NULL, '{"status":"CONFIRMED"}', 2, '2026-06-04 10:00:00'),
(7105, 'CREATE', NULL, '{"status":"DRAFT"}', 2, '2026-06-05 09:00:00'),
(7105, 'CONFIRM', NULL, '{"status":"CONFIRMED"}', 2, '2026-06-05 10:00:00'),
(7106, 'CREATE', NULL, '{"status":"DRAFT"}', 2, '2026-06-06 09:00:00'),
(7106, 'CONFIRM', NULL, '{"status":"CONFIRMED"}', 2, '2026-06-06 10:00:00'),
(7107, 'CREATE', NULL, '{"status":"DRAFT"}', 2, '2026-06-07 09:00:00'),
(7107, 'CONFIRM', NULL, '{"status":"CONFIRMED"}', 2, '2026-06-07 10:00:00'),
(7107, 'CONVERT_PROD', NULL, '{"productionOrderNo":"GD-20260601-0006"}', 5, '2026-06-07 11:00:00'),
(7108, 'CREATE', NULL, '{"status":"DRAFT"}', 2, '2026-06-08 09:00:00'),
(7108, 'CONFIRM', NULL, '{"status":"CONFIRMED"}', 2, '2026-06-08 10:00:00'),
(7108, 'CONVERT_PROD', NULL, '{"productionOrderNo":"GD-20260601-0007"}', 5, '2026-06-08 11:00:00'),
(7109, 'CREATE', NULL, '{"status":"DRAFT"}', 2, '2026-06-09 09:00:00'),
(7109, 'CONFIRM', NULL, '{"status":"CONFIRMED"}', 2, '2026-06-09 10:00:00'),
(7109, 'CONVERT_PROD', NULL, '{"productionOrderNo":"GD-20260601-0008"}', 5, '2026-06-09 11:00:00'),
(7110, 'CREATE', NULL, '{"status":"DRAFT"}', 2, '2026-06-10 09:00:00'),
(7110, 'CONFIRM', NULL, '{"status":"CONFIRMED"}', 2, '2026-06-10 10:00:00'),
(7110, 'CONVERT_PROD', NULL, '{"productionOrderNo":"GD-20260601-0009"}', 5, '2026-06-10 11:00:00'),
(7111, 'CREATE', NULL, '{"status":"DRAFT"}', 2, '2026-06-11 09:00:00'),
(7111, 'CONFIRM', NULL, '{"status":"CONFIRMED"}', 2, '2026-06-11 10:00:00'),
(7111, 'CONVERT_PROD', NULL, '{"productionOrderNo":"GD-20260601-0010"}', 5, '2026-06-11 11:00:00'),
(7112, 'CREATE', NULL, '{"status":"DRAFT"}', 2, '2026-06-12 09:00:00'),
(7112, 'CONFIRM', NULL, '{"status":"CONFIRMED"}', 2, '2026-06-12 10:00:00'),
(7112, 'CONVERT_PROD', NULL, '{"productionOrderNo":"GD-20260601-0011"}', 5, '2026-06-12 11:00:00'),
(7113, 'CREATE', NULL, '{"status":"DRAFT"}', 2, '2026-06-13 09:00:00'),
(7113, 'CONFIRM', NULL, '{"status":"CONFIRMED"}', 2, '2026-06-13 10:00:00'),
(7113, 'CONVERT_PROD', NULL, '{"productionOrderNo":"GD-20260601-0012"}', 5, '2026-06-13 11:00:00'),
(7114, 'CREATE', NULL, '{"status":"DRAFT"}', 2, '2026-06-14 09:00:00'),
(7114, 'CONFIRM', NULL, '{"status":"CONFIRMED"}', 2, '2026-06-14 10:00:00'),
(7114, 'CONVERT_PROD', NULL, '{"productionOrderNo":"GD-20260601-0013"}', 5, '2026-06-14 11:00:00'),
(7115, 'CREATE', NULL, '{"status":"DRAFT"}', 2, '2026-06-15 09:00:00'),
(7115, 'CONFIRM', NULL, '{"status":"CONFIRMED"}', 2, '2026-06-15 10:00:00'),
(7115, 'CONVERT_PROD', NULL, '{"productionOrderNo":"GD-20260601-0014"}', 5, '2026-06-15 11:00:00'),
(7116, 'CREATE', NULL, '{"status":"DRAFT"}', 2, '2026-06-16 09:00:00'),
(7116, 'CONFIRM', NULL, '{"status":"CONFIRMED"}', 2, '2026-06-16 10:00:00'),
(7116, 'CONVERT_PROD', NULL, '{"productionOrderNo":"GD-20260601-0015"}', 5, '2026-06-16 11:00:00'),
(7117, 'CREATE', NULL, '{"status":"DRAFT"}', 2, '2026-06-17 09:00:00'),
(7117, 'CONFIRM', NULL, '{"status":"CONFIRMED"}', 2, '2026-06-17 10:00:00'),
(7117, 'CONVERT_PROD', NULL, '{"productionOrderNo":"GD-20260601-0016"}', 5, '2026-06-17 11:00:00'),
(7118, 'CREATE', NULL, '{"status":"DRAFT"}', 2, '2026-06-18 09:00:00'),
(7118, 'CONFIRM', NULL, '{"status":"CONFIRMED"}', 2, '2026-06-18 10:00:00'),
(7118, 'CONVERT_PROD', NULL, '{"productionOrderNo":"GD-20260601-0017"}', 5, '2026-06-18 11:00:00'),
(7119, 'CREATE', NULL, '{"status":"DRAFT"}', 2, '2026-06-19 09:00:00'),
(7119, 'CONFIRM', NULL, '{"status":"CONFIRMED"}', 2, '2026-06-19 10:00:00'),
(7119, 'CONVERT_PROD', NULL, '{"productionOrderNo":"GD-20260601-0018"}', 5, '2026-06-19 11:00:00'),
(7120, 'CREATE', NULL, '{"status":"DRAFT"}', 2, '2026-06-20 09:00:00'),
(7120, 'CONFIRM', NULL, '{"status":"CONFIRMED"}', 2, '2026-06-20 10:00:00'),
(7120, 'CONVERT_PROD', NULL, '{"productionOrderNo":"GD-20260601-0019"}', 5, '2026-06-20 11:00:00'),
(7121, 'CREATE', NULL, '{"status":"DRAFT"}', 2, '2026-06-21 09:00:00'),
(7121, 'CONFIRM', NULL, '{"status":"CONFIRMED"}', 2, '2026-06-21 10:00:00'),
(7121, 'CONVERT_PROD', NULL, '{"productionOrderNo":"GD-20260601-0020"}', 5, '2026-06-21 11:00:00'),
(7122, 'CREATE', NULL, '{"status":"DRAFT"}', 2, '2026-06-22 09:00:00'),
(7122, 'CONFIRM', NULL, '{"status":"CONFIRMED"}', 2, '2026-06-22 10:00:00'),
(7122, 'CONVERT_PROD', NULL, '{"productionOrderNo":"GD-20260601-0021"}', 5, '2026-06-22 11:00:00'),
(7123, 'CREATE', NULL, '{"status":"DRAFT"}', 2, '2026-06-23 09:00:00'),
(7123, 'CONFIRM', NULL, '{"status":"CONFIRMED"}', 2, '2026-06-23 10:00:00'),
(7123, 'CONVERT_PROD', NULL, '{"productionOrderNo":"GD-20260601-0022"}', 5, '2026-06-23 11:00:00'),
(7124, 'CREATE', NULL, '{"status":"DRAFT"}', 2, '2026-06-24 09:00:00'),
(7124, 'CONFIRM', NULL, '{"status":"CONFIRMED"}', 2, '2026-06-24 10:00:00'),
(7124, 'CONVERT_PROD', NULL, '{"productionOrderNo":"GD-20260601-0023"}', 5, '2026-06-24 11:00:00'),
(7125, 'CREATE', NULL, '{"status":"DRAFT"}', 2, '2026-06-25 09:00:00'),
(7125, 'CONFIRM', NULL, '{"status":"CONFIRMED"}', 2, '2026-06-25 10:00:00'),
(7125, 'CONVERT_PROD', NULL, '{"productionOrderNo":"GD-20260601-0024"}', 5, '2026-06-25 11:00:00'),
(7126, 'CREATE', NULL, '{"status":"DRAFT"}', 2, '2026-06-26 09:00:00'),
(7126, 'CONFIRM', NULL, '{"status":"CONFIRMED"}', 2, '2026-06-26 10:00:00'),
(7126, 'CONVERT_PROD', NULL, '{"productionOrderNo":"GD-20260601-0025"}', 5, '2026-06-26 11:00:00'),
(7127, 'CREATE', NULL, '{"status":"DRAFT"}', 2, '2026-06-27 09:00:00'),
(7127, 'CONFIRM', NULL, '{"status":"CONFIRMED"}', 2, '2026-06-27 10:00:00'),
(7127, 'CONVERT_PROD', NULL, '{"productionOrderNo":"GD-20260601-0026"}', 5, '2026-06-27 11:00:00'),
(7128, 'CREATE', NULL, '{"status":"DRAFT"}', 2, '2026-06-28 09:00:00'),
(7128, 'CONFIRM', NULL, '{"status":"CONFIRMED"}', 2, '2026-06-28 10:00:00'),
(7128, 'CONVERT_PROD', NULL, '{"productionOrderNo":"GD-20260601-0027"}', 5, '2026-06-28 11:00:00'),
(7129, 'CREATE', NULL, '{"status":"DRAFT"}', 2, '2026-06-01 09:00:00'),
(7129, 'CONFIRM', NULL, '{"status":"CONFIRMED"}', 2, '2026-06-01 10:00:00'),
(7129, 'CONVERT_PROD', NULL, '{"productionOrderNo":"GD-20260601-0028"}', 5, '2026-06-01 11:00:00'),
(7130, 'CREATE', NULL, '{"status":"DRAFT"}', 2, '2026-06-02 09:00:00'),
(7130, 'CONFIRM', NULL, '{"status":"CONFIRMED"}', 2, '2026-06-02 10:00:00'),
(7130, 'CONVERT_PROD', NULL, '{"productionOrderNo":"GD-20260601-0029"}', 5, '2026-06-02 11:00:00'),
(7131, 'CREATE', NULL, '{"status":"DRAFT"}', 2, '2026-06-03 09:00:00'),
(7131, 'CONFIRM', NULL, '{"status":"CONFIRMED"}', 2, '2026-06-03 10:00:00'),
(7131, 'CONVERT_PROD', NULL, '{"productionOrderNo":"GD-20260601-0030"}', 5, '2026-06-03 11:00:00'),
(7132, 'CREATE', NULL, '{"status":"DRAFT"}', 2, '2026-06-04 09:00:00'),
(7132, 'CONFIRM', NULL, '{"status":"CONFIRMED"}', 2, '2026-06-04 10:00:00'),
(7132, 'CONVERT_PROD', NULL, '{"productionOrderNo":"GD-20260601-0031"}', 5, '2026-06-04 11:00:00'),
(7133, 'CREATE', NULL, '{"status":"DRAFT"}', 2, '2026-06-05 09:00:00'),
(7133, 'CONFIRM', NULL, '{"status":"CONFIRMED"}', 2, '2026-06-05 10:00:00'),
(7133, 'CONVERT_PROD', NULL, '{"productionOrderNo":"GD-20260601-0032"}', 5, '2026-06-05 11:00:00'),
(7134, 'CREATE', NULL, '{"status":"DRAFT"}', 2, '2026-06-06 09:00:00'),
(7134, 'CONFIRM', NULL, '{"status":"CONFIRMED"}', 2, '2026-06-06 10:00:00'),
(7134, 'CONVERT_PROD', NULL, '{"productionOrderNo":"GD-20260601-0033"}', 5, '2026-06-06 11:00:00'),
(7135, 'CREATE', NULL, '{"status":"DRAFT"}', 2, '2026-06-07 09:00:00'),
(7135, 'CONFIRM', NULL, '{"status":"CONFIRMED"}', 2, '2026-06-07 10:00:00'),
(7135, 'CONVERT_PROD', NULL, '{"productionOrderNo":"GD-20260601-0034"}', 5, '2026-06-07 11:00:00'),
(7136, 'CREATE', NULL, '{"status":"DRAFT"}', 2, '2026-06-08 09:00:00'),
(7136, 'CONFIRM', NULL, '{"status":"CONFIRMED"}', 2, '2026-06-08 10:00:00'),
(7136, 'CONVERT_PROD', NULL, '{"productionOrderNo":"GD-20260601-0035"}', 5, '2026-06-08 11:00:00'),
(7137, 'CREATE', NULL, '{"status":"DRAFT"}', 2, '2026-06-09 09:00:00'),
(7137, 'CONFIRM', NULL, '{"status":"CONFIRMED"}', 2, '2026-06-09 10:00:00'),
(7137, 'CONVERT_PROD', NULL, '{"productionOrderNo":"GD-20260601-0036"}', 5, '2026-06-09 11:00:00'),
(7138, 'CREATE', NULL, '{"status":"DRAFT"}', 2, '2026-06-10 09:00:00'),
(7138, 'CONFIRM', NULL, '{"status":"CONFIRMED"}', 2, '2026-06-10 10:00:00'),
(7138, 'CONVERT_PROD', NULL, '{"productionOrderNo":"GD-20260601-0037"}', 5, '2026-06-10 11:00:00'),
(7139, 'CREATE', NULL, '{"status":"DRAFT"}', 2, '2026-06-11 09:00:00'),
(7139, 'CONFIRM', NULL, '{"status":"CONFIRMED"}', 2, '2026-06-11 10:00:00'),
(7139, 'CONVERT_PROD', NULL, '{"productionOrderNo":"GD-20260601-0038"}', 5, '2026-06-11 11:00:00'),
(7140, 'CREATE', NULL, '{"status":"DRAFT"}', 2, '2026-06-12 09:00:00'),
(7140, 'CONFIRM', NULL, '{"status":"CONFIRMED"}', 2, '2026-06-12 10:00:00'),
(7140, 'CONVERT_PROD', NULL, '{"productionOrderNo":"GD-20260601-0039"}', 5, '2026-06-12 11:00:00'),
(7141, 'CREATE', NULL, '{"status":"DRAFT"}', 2, '2026-06-13 09:00:00'),
(7141, 'CONFIRM', NULL, '{"status":"CONFIRMED"}', 2, '2026-06-13 10:00:00'),
(7141, 'CONVERT_PROD', NULL, '{"productionOrderNo":"GD-20260601-0040"}', 5, '2026-06-13 11:00:00'),
(7142, 'CREATE', NULL, '{"status":"DRAFT"}', 2, '2026-06-14 09:00:00'),
(7142, 'CONFIRM', NULL, '{"status":"CONFIRMED"}', 2, '2026-06-14 10:00:00'),
(7142, 'CONVERT_PROD', NULL, '{"productionOrderNo":"GD-20260601-0041"}', 5, '2026-06-14 11:00:00'),
(7143, 'CREATE', NULL, '{"status":"DRAFT"}', 2, '2026-06-15 09:00:00'),
(7143, 'CONFIRM', NULL, '{"status":"CONFIRMED"}', 2, '2026-06-15 10:00:00'),
(7143, 'CONVERT_PROD', NULL, '{"productionOrderNo":"GD-20260601-0042"}', 5, '2026-06-15 11:00:00'),
(7144, 'CREATE', NULL, '{"status":"DRAFT"}', 2, '2026-06-16 09:00:00'),
(7144, 'CONFIRM', NULL, '{"status":"CONFIRMED"}', 2, '2026-06-16 10:00:00'),
(7144, 'CONVERT_PROD', NULL, '{"productionOrderNo":"GD-20260601-0043"}', 5, '2026-06-16 11:00:00'),
(7145, 'CREATE', NULL, '{"status":"DRAFT"}', 2, '2026-06-17 09:00:00'),
(7145, 'CONFIRM', NULL, '{"status":"CONFIRMED"}', 2, '2026-06-17 10:00:00'),
(7145, 'CONVERT_PROD', NULL, '{"productionOrderNo":"GD-20260601-0044"}', 5, '2026-06-17 11:00:00'),
(7146, 'CREATE', NULL, '{"status":"DRAFT"}', 2, '2026-06-18 09:00:00'),
(7146, 'CONFIRM', NULL, '{"status":"CONFIRMED"}', 2, '2026-06-18 10:00:00'),
(7146, 'CONVERT_PROD', NULL, '{"productionOrderNo":"GD-20260601-0045"}', 5, '2026-06-18 11:00:00'),
(7147, 'CREATE', NULL, '{"status":"DRAFT"}', 2, '2026-06-19 09:00:00'),
(7147, 'CONFIRM', NULL, '{"status":"CONFIRMED"}', 2, '2026-06-19 10:00:00'),
(7147, 'CONVERT_PROD', NULL, '{"productionOrderNo":"GD-20260601-0046"}', 5, '2026-06-19 11:00:00'),
(7148, 'CREATE', NULL, '{"status":"DRAFT"}', 2, '2026-06-20 09:00:00'),
(7148, 'CONFIRM', NULL, '{"status":"CONFIRMED"}', 2, '2026-06-20 10:00:00'),
(7148, 'CONVERT_PROD', NULL, '{"productionOrderNo":"GD-20260601-0047"}', 5, '2026-06-20 11:00:00'),
(7149, 'CREATE', NULL, '{"status":"DRAFT"}', 2, '2026-06-21 09:00:00'),
(7149, 'CONFIRM', NULL, '{"status":"CONFIRMED"}', 2, '2026-06-21 10:00:00'),
(7149, 'CONVERT_PROD', NULL, '{"productionOrderNo":"GD-20260601-0048"}', 5, '2026-06-21 11:00:00'),
(7150, 'CREATE', NULL, '{"status":"DRAFT"}', 2, '2026-06-22 09:00:00'),
(7150, 'CONFIRM', NULL, '{"status":"CONFIRMED"}', 2, '2026-06-22 10:00:00'),
(7150, 'CONVERT_PROD', NULL, '{"productionOrderNo":"GD-20260601-0049"}', 5, '2026-06-22 11:00:00'),
(7151, 'CREATE', NULL, '{"status":"DRAFT"}', 2, '2026-06-23 09:00:00'),
(7151, 'CONFIRM', NULL, '{"status":"CONFIRMED"}', 2, '2026-06-23 10:00:00'),
(7151, 'CONVERT_PROD', NULL, '{"productionOrderNo":"GD-20260601-0050"}', 5, '2026-06-23 11:00:00');

INSERT INTO `crm_workorder` (`id`, `workorder_no`, `material_code`, `product_name`, `qty`, `priority`, `status`, `scheduled_start`, `scheduled_end`, `equipment_id`, `equipment_type`, `estimated_hours`, `owner_user_id`, `dept_id`, `sales_order_id`, `sales_order_no`) VALUES
(9108, 'GD-20260601-0006', 'WL-A006', '设备支架 F', 62, 2, 'IN_PROGRESS', '2026-06-21 00:00:00', '2026-07-04 00:00:00', 7, 'CNC', 12.0, 5, 10, 7107, 'XS-20260601-0006'),
(9109, 'GD-20260601-0007', 'WL-A007', '齿轮端盖 G', 69, 3, 'IN_PROGRESS', '2026-06-22 00:00:00', '2026-06-29 00:00:00', 8, 'LATHE', 13.0, 5, 10, 7108, 'XS-20260601-0007'),
(9110, 'GD-20260601-0008', 'WL-A008', '电机底座 H', 76, 4, 'IN_PROGRESS', '2026-06-23 00:00:00', '2026-07-01 00:00:00', 9, 'MILLING', 6.0, 5, 10, 7109, 'XS-20260601-0008'),
(9111, 'GD-20260601-0009', 'WL-A009', '不锈钢滑块 I', 83, 5, 'IN_PROGRESS', '2026-06-24 00:00:00', '2026-07-03 00:00:00', 10, 'CNC', 7.0, 5, 10, 7110, 'XS-20260601-0009'),
(9112, 'GD-20260601-0010', 'WL-A010', '直线导轨 J', 90, 1, 'IN_PROGRESS', '2026-06-15 00:00:00', '2026-06-25 00:00:00', 11, 'LATHE', 8.0, 5, 10, 7111, 'XS-20260601-0010'),
(9113, 'GD-20260601-0011', 'WL-A001', '精密法兰盘 A 型', 97, 2, 'IN_PROGRESS', '2026-06-16 00:00:00', '2026-06-27 00:00:00', 12, 'MILLING', 9.0, 5, 10, 7112, 'XS-20260601-0011'),
(9114, 'GD-20260601-0012', 'WL-A002', '液压阀体 B 型', 100, 3, 'IN_PROGRESS', '2026-06-17 00:00:00', '2026-06-29 00:00:00', 13, 'CNC', 10.0, 5, 10, 7113, 'XS-20260601-0012'),
(9115, 'GD-20260601-0013', 'WL-A003', '航空连接器外壳 C', 100, 4, 'IN_PROGRESS', '2026-06-18 00:00:00', '2026-07-01 00:00:00', 14, 'LATHE', 11.0, 5, 10, 7114, 'XS-20260601-0013'),
(9116, 'GD-20260601-0014', 'WL-A004', '齿轮箱壳体 D 型', 100, 5, 'IN_PROGRESS', '2026-06-19 00:00:00', '2026-06-26 00:00:00', 15, 'MILLING', 12.0, 5, 10, 7115, 'XS-20260601-0014'),
(9117, 'GD-20260601-0015', 'WL-A005', '精密轴套 E', 100, 1, 'IN_PROGRESS', '2026-06-20 00:00:00', '2026-06-28 00:00:00', 16, 'CNC', 13.0, 5, 10, 7116, 'XS-20260601-0015'),
(9118, 'GD-20260601-0016', 'WL-A006', '设备支架 F', 100, 2, 'IN_PROGRESS', '2026-06-21 00:00:00', '2026-06-30 00:00:00', 17, 'LATHE', 6.0, 5, 10, 7117, 'XS-20260601-0016'),
(9119, 'GD-20260601-0017', 'WL-A007', '齿轮端盖 G', 100, 3, 'IN_PROGRESS', '2026-06-22 00:00:00', '2026-07-02 00:00:00', 18, 'MILLING', 7.0, 5, 10, 7118, 'XS-20260601-0017'),
(9120, 'GD-20260601-0018', 'WL-A008', '电机底座 H', 100, 4, 'IN_PROGRESS', '2026-06-23 00:00:00', '2026-07-04 00:00:00', 19, 'CNC', 8.0, 5, 10, 7119, 'XS-20260601-0018'),
(9121, 'GD-20260601-0019', 'WL-A009', '不锈钢滑块 I', 100, 5, 'IN_PROGRESS', '2026-06-24 00:00:00', '2026-07-06 00:00:00', 20, 'LATHE', 9.0, 5, 10, 7120, 'XS-20260601-0019'),
(9122, 'GD-20260601-0020', 'WL-A010', '直线导轨 J', 100, 1, 'IN_PROGRESS', '2026-06-15 00:00:00', '2026-06-28 00:00:00', 1, 'MILLING', 10.0, 5, 10, 7121, 'XS-20260601-0020'),
(9123, 'GD-20260601-0021', 'WL-A001', '精密法兰盘 A 型', 100, 2, 'IN_PROGRESS', '2026-06-16 00:00:00', '2026-06-23 00:00:00', 2, 'CNC', 11.0, 5, 10, 7122, 'XS-20260601-0021'),
(9124, 'GD-20260601-0022', 'WL-A002', '液压阀体 B 型', 100, 3, 'IN_PROGRESS', '2026-06-17 00:00:00', '2026-06-25 00:00:00', 3, 'LATHE', 12.0, 5, 10, 7123, 'XS-20260601-0022'),
(9125, 'GD-20260601-0023', 'WL-A003', '航空连接器外壳 C', 100, 4, 'IN_PROGRESS', '2026-06-18 00:00:00', '2026-06-27 00:00:00', 4, 'MILLING', 13.0, 5, 10, 7124, 'XS-20260601-0023'),
(9126, 'GD-20260601-0024', 'WL-A004', '齿轮箱壳体 D 型', 100, 5, 'IN_PROGRESS', '2026-06-19 00:00:00', '2026-06-29 00:00:00', 5, 'CNC', 6.0, 5, 10, 7125, 'XS-20260601-0024'),
(9127, 'GD-20260601-0025', 'WL-A005', '精密轴套 E', 100, 1, 'IN_PROGRESS', '2026-06-20 00:00:00', '2026-07-01 00:00:00', 6, 'LATHE', 7.0, 5, 10, 7126, 'XS-20260601-0025'),
(9128, 'GD-20260601-0026', 'WL-A006', '设备支架 F', 22, 2, 'IN_PROGRESS', '2026-06-21 00:00:00', '2026-07-03 00:00:00', 7, 'MILLING', 8.0, 5, 10, 7127, 'XS-20260601-0026'),
(9129, 'GD-20260601-0027', 'WL-A007', '齿轮端盖 G', 29, 3, 'IN_PROGRESS', '2026-06-22 00:00:00', '2026-07-05 00:00:00', 8, 'CNC', 9.0, 5, 10, 7128, 'XS-20260601-0027'),
(9130, 'GD-20260601-0028', 'WL-A008', '电机底座 H', 36, 4, 'IN_PROGRESS', '2026-06-23 00:00:00', '2026-06-30 00:00:00', 9, 'LATHE', 10.0, 5, 10, 7129, 'XS-20260601-0028'),
(9131, 'GD-20260601-0029', 'WL-A009', '不锈钢滑块 I', 43, 5, 'IN_PROGRESS', '2026-06-24 00:00:00', '2026-07-02 00:00:00', 10, 'MILLING', 11.0, 5, 10, 7130, 'XS-20260601-0029'),
(9132, 'GD-20260601-0030', 'WL-A010', '直线导轨 J', 50, 1, 'IN_PROGRESS', '2026-06-15 00:00:00', '2026-06-24 00:00:00', 11, 'CNC', 12.0, 5, 10, 7131, 'XS-20260601-0030'),
(9133, 'GD-20260601-0031', 'WL-A001', '精密法兰盘 A 型', 57, 2, 'IN_PROGRESS', '2026-06-16 00:00:00', '2026-06-26 00:00:00', 12, 'LATHE', 13.0, 5, 10, 7132, 'XS-20260601-0031'),
(9134, 'GD-20260601-0032', 'WL-A002', '液压阀体 B 型', 64, 3, 'IN_PROGRESS', '2026-06-17 00:00:00', '2026-06-28 00:00:00', 13, 'MILLING', 6.0, 5, 10, 7133, 'XS-20260601-0032'),
(9135, 'GD-20260601-0033', 'WL-A003', '航空连接器外壳 C', 71, 4, 'IN_PROGRESS', '2026-06-18 00:00:00', '2026-06-30 00:00:00', 14, 'CNC', 7.0, 5, 10, 7134, 'XS-20260601-0033'),
(9136, 'GD-20260601-0034', 'WL-A004', '齿轮箱壳体 D 型', 78, 5, 'IN_PROGRESS', '2026-06-19 00:00:00', '2026-07-02 00:00:00', 15, 'LATHE', 8.0, 5, 10, 7135, 'XS-20260601-0034'),
(9137, 'GD-20260601-0035', 'WL-A005', '精密轴套 E', 85, 1, 'IN_PROGRESS', '2026-06-20 00:00:00', '2026-06-27 00:00:00', 16, 'MILLING', 9.0, 5, 10, 7136, 'XS-20260601-0035'),
(9138, 'GD-20260601-0036', 'WL-A006', '设备支架 F', 92, 2, 'SCHEDULED', '2026-06-21 00:00:00', '2026-06-29 00:00:00', 17, 'CNC', 10.0, 5, 10, 7137, 'XS-20260601-0036'),
(9139, 'GD-20260601-0037', 'WL-A007', '齿轮端盖 G', 99, 3, 'SCHEDULED', '2026-06-22 00:00:00', '2026-07-01 00:00:00', 18, 'LATHE', 11.0, 5, 10, 7138, 'XS-20260601-0037'),
(9140, 'GD-20260601-0038', 'WL-A008', '电机底座 H', 100, 4, 'SCHEDULED', '2026-06-23 00:00:00', '2026-07-03 00:00:00', 19, 'MILLING', 12.0, 5, 10, 7139, 'XS-20260601-0038'),
(9141, 'GD-20260601-0039', 'WL-A009', '不锈钢滑块 I', 100, 5, 'SCHEDULED', '2026-06-24 00:00:00', '2026-07-05 00:00:00', 20, 'CNC', 13.0, 5, 10, 7140, 'XS-20260601-0039'),
(9142, 'GD-20260601-0040', 'WL-A010', '直线导轨 J', 100, 1, 'SCHEDULED', '2026-06-15 00:00:00', '2026-06-27 00:00:00', 1, 'LATHE', 6.0, 5, 10, 7141, 'XS-20260601-0040'),
(9143, 'GD-20260601-0041', 'WL-A001', '精密法兰盘 A 型', 100, 2, 'IN_PROGRESS', '2026-06-16 00:00:00', '2026-06-29 00:00:00', 2, 'MILLING', 7.0, 5, 10, 7142, 'XS-20260601-0041'),
(9144, 'GD-20260601-0042', 'WL-A002', '液压阀体 B 型', 100, 3, 'IN_PROGRESS', '2026-06-17 00:00:00', '2026-06-24 00:00:00', 3, 'CNC', 8.0, 5, 10, 7143, 'XS-20260601-0042'),
(9145, 'GD-20260601-0043', 'WL-A003', '航空连接器外壳 C', 100, 4, 'IN_PROGRESS', '2026-06-18 00:00:00', '2026-06-26 00:00:00', 4, 'LATHE', 9.0, 5, 10, 7144, 'XS-20260601-0043'),
(9146, 'GD-20260601-0044', 'WL-A004', '齿轮箱壳体 D 型', 100, 5, 'IN_PROGRESS', '2026-06-19 00:00:00', '2026-06-28 00:00:00', 5, 'MILLING', 10.0, 5, 10, 7145, 'XS-20260601-0044'),
(9147, 'GD-20260601-0045', 'WL-A005', '精密轴套 E', 100, 1, 'IN_PROGRESS', '2026-06-20 00:00:00', '2026-06-30 00:00:00', 6, 'CNC', 11.0, 5, 10, 7146, 'XS-20260601-0045'),
(9148, 'GD-20260601-0046', 'WL-A006', '设备支架 F', 100, 2, 'COMPLETED', '2026-06-21 00:00:00', '2026-07-02 00:00:00', 7, 'LATHE', 12.0, 5, 10, 7147, 'XS-20260601-0046'),
(9149, 'GD-20260601-0047', 'WL-A007', '齿轮端盖 G', 100, 3, 'COMPLETED', '2026-06-22 00:00:00', '2026-07-04 00:00:00', 8, 'MILLING', 13.0, 5, 10, 7148, 'XS-20260601-0047'),
(9150, 'GD-20260601-0048', 'WL-A008', '电机底座 H', 100, 4, 'COMPLETED', '2026-06-23 00:00:00', '2026-07-06 00:00:00', 9, 'CNC', 6.0, 5, 10, 7149, 'XS-20260601-0048'),
(9151, 'GD-20260601-0049', 'WL-A009', '不锈钢滑块 I', 100, 5, 'COMPLETED', '2026-06-24 00:00:00', '2026-07-01 00:00:00', 10, 'LATHE', 7.0, 5, 10, 7150, 'XS-20260601-0049'),
(9152, 'GD-20260601-0050', 'WL-A010', '直线导轨 J', 100, 1, 'COMPLETED', '2026-06-15 00:00:00', '2026-06-23 00:00:00', 11, 'MILLING', 8.0, 5, 10, 7151, 'XS-20260601-0050');

INSERT INTO `crm_workorder_step` (`workorder_id`, `step_no`, `step_name`, `equipment_type`, `estimated_minutes`, `status`, `started_at`, `completed_at`, `operator_user_id`) VALUES
(9108, 1, '下料', 'BANDSAW', 60, 'COMPLETED', '2026-06-21 00:00:00', '2026-06-21 01:00:00', 5),
(9108, 2, 'CNC 粗加工', 'CNC', 180, 'IN_PROGRESS', '2026-06-21 01:00:00', NULL, 5),
(9108, 3, '精车', 'LATHE', 150, 'IN_PROGRESS', '2026-06-21 04:00:00', NULL, 5),
(9108, 4, '表面处理', 'GENERAL', 90, 'IN_PROGRESS', '2026-06-21 06:30:00', NULL, 5),
(9108, 5, '成品检验', 'QC', 45, 'PENDING', '2026-06-21 08:00:00', NULL, 5),
(9109, 1, '下料', 'BANDSAW', 60, 'COMPLETED', '2026-06-22 00:00:00', '2026-06-22 01:00:00', 5),
(9109, 2, 'CNC 粗加工', 'CNC', 180, 'COMPLETED', '2026-06-22 01:00:00', '2026-06-22 04:00:00', 5),
(9109, 3, '精车', 'LATHE', 150, 'IN_PROGRESS', '2026-06-22 04:00:00', NULL, 5),
(9109, 4, '表面处理', 'GENERAL', 90, 'IN_PROGRESS', '2026-06-22 06:30:00', NULL, 5),
(9109, 5, '成品检验', 'QC', 45, 'PENDING', '2026-06-22 08:00:00', NULL, 5),
(9110, 1, '下料', 'BANDSAW', 60, 'COMPLETED', '2026-06-23 00:00:00', '2026-06-23 01:00:00', 5),
(9110, 2, 'CNC 粗加工', 'CNC', 180, 'COMPLETED', '2026-06-23 01:00:00', '2026-06-23 04:00:00', 5),
(9110, 3, '精车', 'LATHE', 150, 'COMPLETED', '2026-06-23 04:00:00', '2026-06-23 06:30:00', 5),
(9110, 4, '表面处理', 'GENERAL', 90, 'IN_PROGRESS', '2026-06-23 06:30:00', NULL, 5),
(9110, 5, '成品检验', 'QC', 45, 'PENDING', '2026-06-23 08:00:00', NULL, 5),
(9111, 1, '下料', 'BANDSAW', 60, 'COMPLETED', '2026-06-24 00:00:00', '2026-06-24 01:00:00', 5),
(9111, 2, 'CNC 粗加工', 'CNC', 180, 'COMPLETED', '2026-06-24 01:00:00', '2026-06-24 04:00:00', 5),
(9111, 3, '精车', 'LATHE', 150, 'COMPLETED', '2026-06-24 04:00:00', '2026-06-24 06:30:00', 5),
(9111, 4, '表面处理', 'GENERAL', 90, 'COMPLETED', '2026-06-24 06:30:00', '2026-06-24 08:00:00', 5),
(9111, 5, '成品检验', 'QC', 45, 'PENDING', '2026-06-24 08:00:00', NULL, 5),
(9112, 1, '下料', 'BANDSAW', 60, 'IN_PROGRESS', '2026-06-15 00:00:00', NULL, 5),
(9112, 2, 'CNC 粗加工', 'CNC', 180, 'IN_PROGRESS', '2026-06-15 01:00:00', NULL, 5),
(9112, 3, '精车', 'LATHE', 150, 'IN_PROGRESS', '2026-06-15 04:00:00', NULL, 5),
(9112, 4, '表面处理', 'GENERAL', 90, 'IN_PROGRESS', '2026-06-15 06:30:00', NULL, 5),
(9112, 5, '成品检验', 'QC', 45, 'PENDING', '2026-06-15 08:00:00', NULL, 5),
(9113, 1, '下料', 'BANDSAW', 60, 'COMPLETED', '2026-06-16 00:00:00', '2026-06-16 01:00:00', 5),
(9113, 2, 'CNC 粗加工', 'CNC', 180, 'IN_PROGRESS', '2026-06-16 01:00:00', NULL, 5),
(9113, 3, '精车', 'LATHE', 150, 'IN_PROGRESS', '2026-06-16 04:00:00', NULL, 5),
(9113, 4, '表面处理', 'GENERAL', 90, 'IN_PROGRESS', '2026-06-16 06:30:00', NULL, 5),
(9113, 5, '成品检验', 'QC', 45, 'PENDING', '2026-06-16 08:00:00', NULL, 5),
(9114, 1, '下料', 'BANDSAW', 60, 'COMPLETED', '2026-06-17 00:00:00', '2026-06-17 01:00:00', 5),
(9114, 2, 'CNC 粗加工', 'CNC', 180, 'COMPLETED', '2026-06-17 01:00:00', '2026-06-17 04:00:00', 5),
(9114, 3, '精车', 'LATHE', 150, 'IN_PROGRESS', '2026-06-17 04:00:00', NULL, 5),
(9114, 4, '表面处理', 'GENERAL', 90, 'IN_PROGRESS', '2026-06-17 06:30:00', NULL, 5),
(9114, 5, '成品检验', 'QC', 45, 'PENDING', '2026-06-17 08:00:00', NULL, 5),
(9115, 1, '下料', 'BANDSAW', 60, 'COMPLETED', '2026-06-18 00:00:00', '2026-06-18 01:00:00', 5),
(9115, 2, 'CNC 粗加工', 'CNC', 180, 'COMPLETED', '2026-06-18 01:00:00', '2026-06-18 04:00:00', 5),
(9115, 3, '精车', 'LATHE', 150, 'COMPLETED', '2026-06-18 04:00:00', '2026-06-18 06:30:00', 5),
(9115, 4, '表面处理', 'GENERAL', 90, 'IN_PROGRESS', '2026-06-18 06:30:00', NULL, 5),
(9115, 5, '成品检验', 'QC', 45, 'PENDING', '2026-06-18 08:00:00', NULL, 5),
(9116, 1, '下料', 'BANDSAW', 60, 'COMPLETED', '2026-06-19 00:00:00', '2026-06-19 01:00:00', 5),
(9116, 2, 'CNC 粗加工', 'CNC', 180, 'COMPLETED', '2026-06-19 01:00:00', '2026-06-19 04:00:00', 5),
(9116, 3, '精车', 'LATHE', 150, 'COMPLETED', '2026-06-19 04:00:00', '2026-06-19 06:30:00', 5),
(9116, 4, '表面处理', 'GENERAL', 90, 'COMPLETED', '2026-06-19 06:30:00', '2026-06-19 08:00:00', 5),
(9116, 5, '成品检验', 'QC', 45, 'PENDING', '2026-06-19 08:00:00', NULL, 5),
(9117, 1, '下料', 'BANDSAW', 60, 'IN_PROGRESS', '2026-06-20 00:00:00', NULL, 5),
(9117, 2, 'CNC 粗加工', 'CNC', 180, 'IN_PROGRESS', '2026-06-20 01:00:00', NULL, 5),
(9117, 3, '精车', 'LATHE', 150, 'IN_PROGRESS', '2026-06-20 04:00:00', NULL, 5),
(9117, 4, '表面处理', 'GENERAL', 90, 'IN_PROGRESS', '2026-06-20 06:30:00', NULL, 5),
(9117, 5, '成品检验', 'QC', 45, 'PENDING', '2026-06-20 08:00:00', NULL, 5),
(9118, 1, '下料', 'BANDSAW', 60, 'COMPLETED', '2026-06-21 00:00:00', '2026-06-21 01:00:00', 5),
(9118, 2, 'CNC 粗加工', 'CNC', 180, 'IN_PROGRESS', '2026-06-21 01:00:00', NULL, 5),
(9118, 3, '精车', 'LATHE', 150, 'IN_PROGRESS', '2026-06-21 04:00:00', NULL, 5),
(9118, 4, '表面处理', 'GENERAL', 90, 'IN_PROGRESS', '2026-06-21 06:30:00', NULL, 5),
(9118, 5, '成品检验', 'QC', 45, 'PENDING', '2026-06-21 08:00:00', NULL, 5),
(9119, 1, '下料', 'BANDSAW', 60, 'COMPLETED', '2026-06-22 00:00:00', '2026-06-22 01:00:00', 5),
(9119, 2, 'CNC 粗加工', 'CNC', 180, 'COMPLETED', '2026-06-22 01:00:00', '2026-06-22 04:00:00', 5),
(9119, 3, '精车', 'LATHE', 150, 'IN_PROGRESS', '2026-06-22 04:00:00', NULL, 5),
(9119, 4, '表面处理', 'GENERAL', 90, 'IN_PROGRESS', '2026-06-22 06:30:00', NULL, 5),
(9119, 5, '成品检验', 'QC', 45, 'PENDING', '2026-06-22 08:00:00', NULL, 5),
(9120, 1, '下料', 'BANDSAW', 60, 'COMPLETED', '2026-06-23 00:00:00', '2026-06-23 01:00:00', 5),
(9120, 2, 'CNC 粗加工', 'CNC', 180, 'COMPLETED', '2026-06-23 01:00:00', '2026-06-23 04:00:00', 5),
(9120, 3, '精车', 'LATHE', 150, 'COMPLETED', '2026-06-23 04:00:00', '2026-06-23 06:30:00', 5),
(9120, 4, '表面处理', 'GENERAL', 90, 'IN_PROGRESS', '2026-06-23 06:30:00', NULL, 5),
(9120, 5, '成品检验', 'QC', 45, 'PENDING', '2026-06-23 08:00:00', NULL, 5),
(9121, 1, '下料', 'BANDSAW', 60, 'COMPLETED', '2026-06-24 00:00:00', '2026-06-24 01:00:00', 5),
(9121, 2, 'CNC 粗加工', 'CNC', 180, 'COMPLETED', '2026-06-24 01:00:00', '2026-06-24 04:00:00', 5),
(9121, 3, '精车', 'LATHE', 150, 'COMPLETED', '2026-06-24 04:00:00', '2026-06-24 06:30:00', 5),
(9121, 4, '表面处理', 'GENERAL', 90, 'COMPLETED', '2026-06-24 06:30:00', '2026-06-24 08:00:00', 5),
(9121, 5, '成品检验', 'QC', 45, 'PENDING', '2026-06-24 08:00:00', NULL, 5),
(9122, 1, '下料', 'BANDSAW', 60, 'IN_PROGRESS', '2026-06-15 00:00:00', NULL, 5),
(9122, 2, 'CNC 粗加工', 'CNC', 180, 'IN_PROGRESS', '2026-06-15 01:00:00', NULL, 5),
(9122, 3, '精车', 'LATHE', 150, 'IN_PROGRESS', '2026-06-15 04:00:00', NULL, 5),
(9122, 4, '表面处理', 'GENERAL', 90, 'IN_PROGRESS', '2026-06-15 06:30:00', NULL, 5),
(9122, 5, '成品检验', 'QC', 45, 'PENDING', '2026-06-15 08:00:00', NULL, 5),
(9123, 1, '下料', 'BANDSAW', 60, 'COMPLETED', '2026-06-16 00:00:00', '2026-06-16 01:00:00', 5),
(9123, 2, 'CNC 粗加工', 'CNC', 180, 'IN_PROGRESS', '2026-06-16 01:00:00', NULL, 5),
(9123, 3, '精车', 'LATHE', 150, 'IN_PROGRESS', '2026-06-16 04:00:00', NULL, 5),
(9123, 4, '表面处理', 'GENERAL', 90, 'IN_PROGRESS', '2026-06-16 06:30:00', NULL, 5),
(9123, 5, '成品检验', 'QC', 45, 'PENDING', '2026-06-16 08:00:00', NULL, 5),
(9124, 1, '下料', 'BANDSAW', 60, 'COMPLETED', '2026-06-17 00:00:00', '2026-06-17 01:00:00', 5),
(9124, 2, 'CNC 粗加工', 'CNC', 180, 'COMPLETED', '2026-06-17 01:00:00', '2026-06-17 04:00:00', 5),
(9124, 3, '精车', 'LATHE', 150, 'IN_PROGRESS', '2026-06-17 04:00:00', NULL, 5),
(9124, 4, '表面处理', 'GENERAL', 90, 'IN_PROGRESS', '2026-06-17 06:30:00', NULL, 5),
(9124, 5, '成品检验', 'QC', 45, 'PENDING', '2026-06-17 08:00:00', NULL, 5),
(9125, 1, '下料', 'BANDSAW', 60, 'COMPLETED', '2026-06-18 00:00:00', '2026-06-18 01:00:00', 5),
(9125, 2, 'CNC 粗加工', 'CNC', 180, 'COMPLETED', '2026-06-18 01:00:00', '2026-06-18 04:00:00', 5),
(9125, 3, '精车', 'LATHE', 150, 'COMPLETED', '2026-06-18 04:00:00', '2026-06-18 06:30:00', 5),
(9125, 4, '表面处理', 'GENERAL', 90, 'IN_PROGRESS', '2026-06-18 06:30:00', NULL, 5),
(9125, 5, '成品检验', 'QC', 45, 'PENDING', '2026-06-18 08:00:00', NULL, 5),
(9126, 1, '下料', 'BANDSAW', 60, 'COMPLETED', '2026-06-19 00:00:00', '2026-06-19 01:00:00', 5),
(9126, 2, 'CNC 粗加工', 'CNC', 180, 'COMPLETED', '2026-06-19 01:00:00', '2026-06-19 04:00:00', 5),
(9126, 3, '精车', 'LATHE', 150, 'COMPLETED', '2026-06-19 04:00:00', '2026-06-19 06:30:00', 5),
(9126, 4, '表面处理', 'GENERAL', 90, 'COMPLETED', '2026-06-19 06:30:00', '2026-06-19 08:00:00', 5),
(9126, 5, '成品检验', 'QC', 45, 'PENDING', '2026-06-19 08:00:00', NULL, 5),
(9127, 1, '下料', 'BANDSAW', 60, 'IN_PROGRESS', '2026-06-20 00:00:00', NULL, 5),
(9127, 2, 'CNC 粗加工', 'CNC', 180, 'IN_PROGRESS', '2026-06-20 01:00:00', NULL, 5),
(9127, 3, '精车', 'LATHE', 150, 'IN_PROGRESS', '2026-06-20 04:00:00', NULL, 5),
(9127, 4, '表面处理', 'GENERAL', 90, 'IN_PROGRESS', '2026-06-20 06:30:00', NULL, 5),
(9127, 5, '成品检验', 'QC', 45, 'PENDING', '2026-06-20 08:00:00', NULL, 5),
(9128, 1, '下料', 'BANDSAW', 60, 'COMPLETED', '2026-06-21 00:00:00', '2026-06-21 01:00:00', 5),
(9128, 2, 'CNC 粗加工', 'CNC', 180, 'IN_PROGRESS', '2026-06-21 01:00:00', NULL, 5),
(9128, 3, '精车', 'LATHE', 150, 'IN_PROGRESS', '2026-06-21 04:00:00', NULL, 5),
(9128, 4, '表面处理', 'GENERAL', 90, 'IN_PROGRESS', '2026-06-21 06:30:00', NULL, 5),
(9128, 5, '成品检验', 'QC', 45, 'PENDING', '2026-06-21 08:00:00', NULL, 5),
(9129, 1, '下料', 'BANDSAW', 60, 'COMPLETED', '2026-06-22 00:00:00', '2026-06-22 01:00:00', 5),
(9129, 2, 'CNC 粗加工', 'CNC', 180, 'COMPLETED', '2026-06-22 01:00:00', '2026-06-22 04:00:00', 5),
(9129, 3, '精车', 'LATHE', 150, 'IN_PROGRESS', '2026-06-22 04:00:00', NULL, 5),
(9129, 4, '表面处理', 'GENERAL', 90, 'IN_PROGRESS', '2026-06-22 06:30:00', NULL, 5),
(9129, 5, '成品检验', 'QC', 45, 'PENDING', '2026-06-22 08:00:00', NULL, 5),
(9130, 1, '下料', 'BANDSAW', 60, 'COMPLETED', '2026-06-23 00:00:00', '2026-06-23 01:00:00', 5),
(9130, 2, 'CNC 粗加工', 'CNC', 180, 'COMPLETED', '2026-06-23 01:00:00', '2026-06-23 04:00:00', 5),
(9130, 3, '精车', 'LATHE', 150, 'COMPLETED', '2026-06-23 04:00:00', '2026-06-23 06:30:00', 5),
(9130, 4, '表面处理', 'GENERAL', 90, 'IN_PROGRESS', '2026-06-23 06:30:00', NULL, 5),
(9130, 5, '成品检验', 'QC', 45, 'PENDING', '2026-06-23 08:00:00', NULL, 5),
(9131, 1, '下料', 'BANDSAW', 60, 'COMPLETED', '2026-06-24 00:00:00', '2026-06-24 01:00:00', 5),
(9131, 2, 'CNC 粗加工', 'CNC', 180, 'COMPLETED', '2026-06-24 01:00:00', '2026-06-24 04:00:00', 5),
(9131, 3, '精车', 'LATHE', 150, 'COMPLETED', '2026-06-24 04:00:00', '2026-06-24 06:30:00', 5),
(9131, 4, '表面处理', 'GENERAL', 90, 'COMPLETED', '2026-06-24 06:30:00', '2026-06-24 08:00:00', 5),
(9131, 5, '成品检验', 'QC', 45, 'PENDING', '2026-06-24 08:00:00', NULL, 5),
(9132, 1, '下料', 'BANDSAW', 60, 'IN_PROGRESS', '2026-06-15 00:00:00', NULL, 5),
(9132, 2, 'CNC 粗加工', 'CNC', 180, 'IN_PROGRESS', '2026-06-15 01:00:00', NULL, 5),
(9132, 3, '精车', 'LATHE', 150, 'IN_PROGRESS', '2026-06-15 04:00:00', NULL, 5),
(9132, 4, '表面处理', 'GENERAL', 90, 'IN_PROGRESS', '2026-06-15 06:30:00', NULL, 5),
(9132, 5, '成品检验', 'QC', 45, 'PENDING', '2026-06-15 08:00:00', NULL, 5),
(9133, 1, '下料', 'BANDSAW', 60, 'COMPLETED', '2026-06-16 00:00:00', '2026-06-16 01:00:00', 5),
(9133, 2, 'CNC 粗加工', 'CNC', 180, 'IN_PROGRESS', '2026-06-16 01:00:00', NULL, 5),
(9133, 3, '精车', 'LATHE', 150, 'IN_PROGRESS', '2026-06-16 04:00:00', NULL, 5),
(9133, 4, '表面处理', 'GENERAL', 90, 'IN_PROGRESS', '2026-06-16 06:30:00', NULL, 5),
(9133, 5, '成品检验', 'QC', 45, 'PENDING', '2026-06-16 08:00:00', NULL, 5),
(9134, 1, '下料', 'BANDSAW', 60, 'COMPLETED', '2026-06-17 00:00:00', '2026-06-17 01:00:00', 5),
(9134, 2, 'CNC 粗加工', 'CNC', 180, 'COMPLETED', '2026-06-17 01:00:00', '2026-06-17 04:00:00', 5),
(9134, 3, '精车', 'LATHE', 150, 'IN_PROGRESS', '2026-06-17 04:00:00', NULL, 5),
(9134, 4, '表面处理', 'GENERAL', 90, 'IN_PROGRESS', '2026-06-17 06:30:00', NULL, 5),
(9134, 5, '成品检验', 'QC', 45, 'PENDING', '2026-06-17 08:00:00', NULL, 5),
(9135, 1, '下料', 'BANDSAW', 60, 'COMPLETED', '2026-06-18 00:00:00', '2026-06-18 01:00:00', 5),
(9135, 2, 'CNC 粗加工', 'CNC', 180, 'COMPLETED', '2026-06-18 01:00:00', '2026-06-18 04:00:00', 5),
(9135, 3, '精车', 'LATHE', 150, 'COMPLETED', '2026-06-18 04:00:00', '2026-06-18 06:30:00', 5),
(9135, 4, '表面处理', 'GENERAL', 90, 'IN_PROGRESS', '2026-06-18 06:30:00', NULL, 5),
(9135, 5, '成品检验', 'QC', 45, 'PENDING', '2026-06-18 08:00:00', NULL, 5),
(9136, 1, '下料', 'BANDSAW', 60, 'COMPLETED', '2026-06-19 00:00:00', '2026-06-19 01:00:00', 5),
(9136, 2, 'CNC 粗加工', 'CNC', 180, 'COMPLETED', '2026-06-19 01:00:00', '2026-06-19 04:00:00', 5),
(9136, 3, '精车', 'LATHE', 150, 'COMPLETED', '2026-06-19 04:00:00', '2026-06-19 06:30:00', 5),
(9136, 4, '表面处理', 'GENERAL', 90, 'COMPLETED', '2026-06-19 06:30:00', '2026-06-19 08:00:00', 5),
(9136, 5, '成品检验', 'QC', 45, 'PENDING', '2026-06-19 08:00:00', NULL, 5),
(9137, 1, '下料', 'BANDSAW', 60, 'IN_PROGRESS', '2026-06-20 00:00:00', NULL, 5),
(9137, 2, 'CNC 粗加工', 'CNC', 180, 'IN_PROGRESS', '2026-06-20 01:00:00', NULL, 5),
(9137, 3, '精车', 'LATHE', 150, 'IN_PROGRESS', '2026-06-20 04:00:00', NULL, 5),
(9137, 4, '表面处理', 'GENERAL', 90, 'IN_PROGRESS', '2026-06-20 06:30:00', NULL, 5),
(9137, 5, '成品检验', 'QC', 45, 'PENDING', '2026-06-20 08:00:00', NULL, 5),
(9138, 1, '下料', 'BANDSAW', 60, 'PENDING', '2026-06-21 00:00:00', NULL, 5),
(9138, 2, 'CNC 粗加工', 'CNC', 180, 'PENDING', '2026-06-21 01:00:00', NULL, 5),
(9138, 3, '精车', 'LATHE', 150, 'PENDING', '2026-06-21 04:00:00', NULL, 5),
(9138, 4, '表面处理', 'GENERAL', 90, 'PENDING', '2026-06-21 06:30:00', NULL, 5),
(9138, 5, '成品检验', 'QC', 45, 'PENDING', '2026-06-21 08:00:00', NULL, 5),
(9139, 1, '下料', 'BANDSAW', 60, 'PENDING', '2026-06-22 00:00:00', NULL, 5),
(9139, 2, 'CNC 粗加工', 'CNC', 180, 'PENDING', '2026-06-22 01:00:00', NULL, 5),
(9139, 3, '精车', 'LATHE', 150, 'PENDING', '2026-06-22 04:00:00', NULL, 5),
(9139, 4, '表面处理', 'GENERAL', 90, 'PENDING', '2026-06-22 06:30:00', NULL, 5),
(9139, 5, '成品检验', 'QC', 45, 'PENDING', '2026-06-22 08:00:00', NULL, 5),
(9140, 1, '下料', 'BANDSAW', 60, 'PENDING', '2026-06-23 00:00:00', NULL, 5),
(9140, 2, 'CNC 粗加工', 'CNC', 180, 'PENDING', '2026-06-23 01:00:00', NULL, 5),
(9140, 3, '精车', 'LATHE', 150, 'PENDING', '2026-06-23 04:00:00', NULL, 5),
(9140, 4, '表面处理', 'GENERAL', 90, 'PENDING', '2026-06-23 06:30:00', NULL, 5),
(9140, 5, '成品检验', 'QC', 45, 'PENDING', '2026-06-23 08:00:00', NULL, 5),
(9141, 1, '下料', 'BANDSAW', 60, 'PENDING', '2026-06-24 00:00:00', NULL, 5),
(9141, 2, 'CNC 粗加工', 'CNC', 180, 'PENDING', '2026-06-24 01:00:00', NULL, 5),
(9141, 3, '精车', 'LATHE', 150, 'PENDING', '2026-06-24 04:00:00', NULL, 5),
(9141, 4, '表面处理', 'GENERAL', 90, 'PENDING', '2026-06-24 06:30:00', NULL, 5),
(9141, 5, '成品检验', 'QC', 45, 'PENDING', '2026-06-24 08:00:00', NULL, 5),
(9142, 1, '下料', 'BANDSAW', 60, 'PENDING', '2026-06-15 00:00:00', NULL, 5),
(9142, 2, 'CNC 粗加工', 'CNC', 180, 'PENDING', '2026-06-15 01:00:00', NULL, 5),
(9142, 3, '精车', 'LATHE', 150, 'PENDING', '2026-06-15 04:00:00', NULL, 5),
(9142, 4, '表面处理', 'GENERAL', 90, 'PENDING', '2026-06-15 06:30:00', NULL, 5),
(9142, 5, '成品检验', 'QC', 45, 'PENDING', '2026-06-15 08:00:00', NULL, 5),
(9143, 1, '下料', 'BANDSAW', 60, 'COMPLETED', '2026-06-16 00:00:00', '2026-06-16 01:00:00', 5),
(9143, 2, 'CNC 粗加工', 'CNC', 180, 'IN_PROGRESS', '2026-06-16 01:00:00', NULL, 5),
(9143, 3, '精车', 'LATHE', 150, 'IN_PROGRESS', '2026-06-16 04:00:00', NULL, 5),
(9143, 4, '表面处理', 'GENERAL', 90, 'IN_PROGRESS', '2026-06-16 06:30:00', NULL, 5),
(9143, 5, '成品检验', 'QC', 45, 'PENDING', '2026-06-16 08:00:00', NULL, 5),
(9144, 1, '下料', 'BANDSAW', 60, 'COMPLETED', '2026-06-17 00:00:00', '2026-06-17 01:00:00', 5),
(9144, 2, 'CNC 粗加工', 'CNC', 180, 'COMPLETED', '2026-06-17 01:00:00', '2026-06-17 04:00:00', 5),
(9144, 3, '精车', 'LATHE', 150, 'IN_PROGRESS', '2026-06-17 04:00:00', NULL, 5),
(9144, 4, '表面处理', 'GENERAL', 90, 'IN_PROGRESS', '2026-06-17 06:30:00', NULL, 5),
(9144, 5, '成品检验', 'QC', 45, 'PENDING', '2026-06-17 08:00:00', NULL, 5),
(9145, 1, '下料', 'BANDSAW', 60, 'COMPLETED', '2026-06-18 00:00:00', '2026-06-18 01:00:00', 5),
(9145, 2, 'CNC 粗加工', 'CNC', 180, 'COMPLETED', '2026-06-18 01:00:00', '2026-06-18 04:00:00', 5),
(9145, 3, '精车', 'LATHE', 150, 'COMPLETED', '2026-06-18 04:00:00', '2026-06-18 06:30:00', 5),
(9145, 4, '表面处理', 'GENERAL', 90, 'IN_PROGRESS', '2026-06-18 06:30:00', NULL, 5),
(9145, 5, '成品检验', 'QC', 45, 'PENDING', '2026-06-18 08:00:00', NULL, 5),
(9146, 1, '下料', 'BANDSAW', 60, 'COMPLETED', '2026-06-19 00:00:00', '2026-06-19 01:00:00', 5),
(9146, 2, 'CNC 粗加工', 'CNC', 180, 'COMPLETED', '2026-06-19 01:00:00', '2026-06-19 04:00:00', 5),
(9146, 3, '精车', 'LATHE', 150, 'COMPLETED', '2026-06-19 04:00:00', '2026-06-19 06:30:00', 5),
(9146, 4, '表面处理', 'GENERAL', 90, 'COMPLETED', '2026-06-19 06:30:00', '2026-06-19 08:00:00', 5),
(9146, 5, '成品检验', 'QC', 45, 'PENDING', '2026-06-19 08:00:00', NULL, 5),
(9147, 1, '下料', 'BANDSAW', 60, 'IN_PROGRESS', '2026-06-20 00:00:00', NULL, 5),
(9147, 2, 'CNC 粗加工', 'CNC', 180, 'IN_PROGRESS', '2026-06-20 01:00:00', NULL, 5),
(9147, 3, '精车', 'LATHE', 150, 'IN_PROGRESS', '2026-06-20 04:00:00', NULL, 5),
(9147, 4, '表面处理', 'GENERAL', 90, 'IN_PROGRESS', '2026-06-20 06:30:00', NULL, 5),
(9147, 5, '成品检验', 'QC', 45, 'PENDING', '2026-06-20 08:00:00', NULL, 5),
(9148, 1, '下料', 'BANDSAW', 60, 'COMPLETED', '2026-06-21 00:00:00', '2026-06-21 01:00:00', 5),
(9148, 2, 'CNC 粗加工', 'CNC', 180, 'COMPLETED', '2026-06-21 01:00:00', '2026-06-21 04:00:00', 5),
(9148, 3, '精车', 'LATHE', 150, 'COMPLETED', '2026-06-21 04:00:00', '2026-06-21 06:30:00', 5),
(9148, 4, '表面处理', 'GENERAL', 90, 'COMPLETED', '2026-06-21 06:30:00', '2026-06-21 08:00:00', 5),
(9148, 5, '成品检验', 'QC', 45, 'COMPLETED', '2026-06-21 08:00:00', '2026-06-21 08:45:00', 5),
(9149, 1, '下料', 'BANDSAW', 60, 'COMPLETED', '2026-06-22 00:00:00', '2026-06-22 01:00:00', 5),
(9149, 2, 'CNC 粗加工', 'CNC', 180, 'COMPLETED', '2026-06-22 01:00:00', '2026-06-22 04:00:00', 5),
(9149, 3, '精车', 'LATHE', 150, 'COMPLETED', '2026-06-22 04:00:00', '2026-06-22 06:30:00', 5),
(9149, 4, '表面处理', 'GENERAL', 90, 'COMPLETED', '2026-06-22 06:30:00', '2026-06-22 08:00:00', 5),
(9149, 5, '成品检验', 'QC', 45, 'COMPLETED', '2026-06-22 08:00:00', '2026-06-22 08:45:00', 5),
(9150, 1, '下料', 'BANDSAW', 60, 'COMPLETED', '2026-06-23 00:00:00', '2026-06-23 01:00:00', 5),
(9150, 2, 'CNC 粗加工', 'CNC', 180, 'COMPLETED', '2026-06-23 01:00:00', '2026-06-23 04:00:00', 5),
(9150, 3, '精车', 'LATHE', 150, 'COMPLETED', '2026-06-23 04:00:00', '2026-06-23 06:30:00', 5),
(9150, 4, '表面处理', 'GENERAL', 90, 'COMPLETED', '2026-06-23 06:30:00', '2026-06-23 08:00:00', 5),
(9150, 5, '成品检验', 'QC', 45, 'COMPLETED', '2026-06-23 08:00:00', '2026-06-23 08:45:00', 5),
(9151, 1, '下料', 'BANDSAW', 60, 'COMPLETED', '2026-06-24 00:00:00', '2026-06-24 01:00:00', 5),
(9151, 2, 'CNC 粗加工', 'CNC', 180, 'COMPLETED', '2026-06-24 01:00:00', '2026-06-24 04:00:00', 5),
(9151, 3, '精车', 'LATHE', 150, 'COMPLETED', '2026-06-24 04:00:00', '2026-06-24 06:30:00', 5),
(9151, 4, '表面处理', 'GENERAL', 90, 'COMPLETED', '2026-06-24 06:30:00', '2026-06-24 08:00:00', 5),
(9151, 5, '成品检验', 'QC', 45, 'COMPLETED', '2026-06-24 08:00:00', '2026-06-24 08:45:00', 5),
(9152, 1, '下料', 'BANDSAW', 60, 'COMPLETED', '2026-06-15 00:00:00', '2026-06-15 01:00:00', 5),
(9152, 2, 'CNC 粗加工', 'CNC', 180, 'COMPLETED', '2026-06-15 01:00:00', '2026-06-15 04:00:00', 5),
(9152, 3, '精车', 'LATHE', 150, 'COMPLETED', '2026-06-15 04:00:00', '2026-06-15 06:30:00', 5),
(9152, 4, '表面处理', 'GENERAL', 90, 'COMPLETED', '2026-06-15 06:30:00', '2026-06-15 08:00:00', 5),
(9152, 5, '成品检验', 'QC', 45, 'COMPLETED', '2026-06-15 08:00:00', '2026-06-15 08:45:00', 5);

INSERT INTO `crm_production_schedule` (`schedule_no`, `workorder_id`, `equipment_id`, `equipment_type`, `plan_start`, `plan_end`, `status`) VALUES
('SCH-20260615-0006', 9108, 7, 'CNC', '2026-06-21 00:00:00', '2026-07-04 00:00:00', 'IN_PROGRESS'),
('SCH-20260615-0007', 9109, 8, 'LATHE', '2026-06-22 00:00:00', '2026-06-29 00:00:00', 'IN_PROGRESS'),
('SCH-20260615-0008', 9110, 9, 'MILLING', '2026-06-23 00:00:00', '2026-07-01 00:00:00', 'IN_PROGRESS'),
('SCH-20260615-0009', 9111, 10, 'CNC', '2026-06-24 00:00:00', '2026-07-03 00:00:00', 'IN_PROGRESS'),
('SCH-20260615-0010', 9112, 11, 'LATHE', '2026-06-15 00:00:00', '2026-06-25 00:00:00', 'IN_PROGRESS'),
('SCH-20260615-0011', 9113, 12, 'MILLING', '2026-06-16 00:00:00', '2026-06-27 00:00:00', 'IN_PROGRESS'),
('SCH-20260615-0012', 9114, 13, 'CNC', '2026-06-17 00:00:00', '2026-06-29 00:00:00', 'IN_PROGRESS'),
('SCH-20260615-0013', 9115, 14, 'LATHE', '2026-06-18 00:00:00', '2026-07-01 00:00:00', 'IN_PROGRESS'),
('SCH-20260615-0014', 9116, 15, 'MILLING', '2026-06-19 00:00:00', '2026-06-26 00:00:00', 'IN_PROGRESS'),
('SCH-20260615-0015', 9117, 16, 'CNC', '2026-06-20 00:00:00', '2026-06-28 00:00:00', 'IN_PROGRESS'),
('SCH-20260615-0016', 9118, 17, 'LATHE', '2026-06-21 00:00:00', '2026-06-30 00:00:00', 'IN_PROGRESS'),
('SCH-20260615-0017', 9119, 18, 'MILLING', '2026-06-22 00:00:00', '2026-07-02 00:00:00', 'IN_PROGRESS'),
('SCH-20260615-0018', 9120, 19, 'CNC', '2026-06-23 00:00:00', '2026-07-04 00:00:00', 'IN_PROGRESS'),
('SCH-20260615-0019', 9121, 20, 'LATHE', '2026-06-24 00:00:00', '2026-07-06 00:00:00', 'IN_PROGRESS'),
('SCH-20260615-0020', 9122, 1, 'MILLING', '2026-06-15 00:00:00', '2026-06-28 00:00:00', 'IN_PROGRESS'),
('SCH-20260615-0021', 9123, 2, 'CNC', '2026-06-16 00:00:00', '2026-06-23 00:00:00', 'IN_PROGRESS'),
('SCH-20260615-0022', 9124, 3, 'LATHE', '2026-06-17 00:00:00', '2026-06-25 00:00:00', 'IN_PROGRESS'),
('SCH-20260615-0023', 9125, 4, 'MILLING', '2026-06-18 00:00:00', '2026-06-27 00:00:00', 'IN_PROGRESS'),
('SCH-20260615-0024', 9126, 5, 'CNC', '2026-06-19 00:00:00', '2026-06-29 00:00:00', 'IN_PROGRESS'),
('SCH-20260615-0025', 9127, 6, 'LATHE', '2026-06-20 00:00:00', '2026-07-01 00:00:00', 'IN_PROGRESS'),
('SCH-20260615-0026', 9128, 7, 'MILLING', '2026-06-21 00:00:00', '2026-07-03 00:00:00', 'IN_PROGRESS'),
('SCH-20260615-0027', 9129, 8, 'CNC', '2026-06-22 00:00:00', '2026-07-05 00:00:00', 'IN_PROGRESS'),
('SCH-20260615-0028', 9130, 9, 'LATHE', '2026-06-23 00:00:00', '2026-06-30 00:00:00', 'IN_PROGRESS'),
('SCH-20260615-0029', 9131, 10, 'MILLING', '2026-06-24 00:00:00', '2026-07-02 00:00:00', 'IN_PROGRESS'),
('SCH-20260615-0030', 9132, 11, 'CNC', '2026-06-15 00:00:00', '2026-06-24 00:00:00', 'IN_PROGRESS'),
('SCH-20260615-0031', 9133, 12, 'LATHE', '2026-06-16 00:00:00', '2026-06-26 00:00:00', 'IN_PROGRESS'),
('SCH-20260615-0032', 9134, 13, 'MILLING', '2026-06-17 00:00:00', '2026-06-28 00:00:00', 'IN_PROGRESS'),
('SCH-20260615-0033', 9135, 14, 'CNC', '2026-06-18 00:00:00', '2026-06-30 00:00:00', 'IN_PROGRESS'),
('SCH-20260615-0034', 9136, 15, 'LATHE', '2026-06-19 00:00:00', '2026-07-02 00:00:00', 'IN_PROGRESS'),
('SCH-20260615-0035', 9137, 16, 'MILLING', '2026-06-20 00:00:00', '2026-06-27 00:00:00', 'IN_PROGRESS'),
('SCH-20260615-0036', 9138, 17, 'CNC', '2026-06-21 00:00:00', '2026-06-29 00:00:00', 'PLANNED'),
('SCH-20260615-0037', 9139, 18, 'LATHE', '2026-06-22 00:00:00', '2026-07-01 00:00:00', 'PLANNED'),
('SCH-20260615-0038', 9140, 19, 'MILLING', '2026-06-23 00:00:00', '2026-07-03 00:00:00', 'PLANNED'),
('SCH-20260615-0039', 9141, 20, 'CNC', '2026-06-24 00:00:00', '2026-07-05 00:00:00', 'PLANNED'),
('SCH-20260615-0040', 9142, 1, 'LATHE', '2026-06-15 00:00:00', '2026-06-27 00:00:00', 'PLANNED'),
('SCH-20260615-0041', 9143, 2, 'MILLING', '2026-06-16 00:00:00', '2026-06-29 00:00:00', 'IN_PROGRESS'),
('SCH-20260615-0042', 9144, 3, 'CNC', '2026-06-17 00:00:00', '2026-06-24 00:00:00', 'IN_PROGRESS'),
('SCH-20260615-0043', 9145, 4, 'LATHE', '2026-06-18 00:00:00', '2026-06-26 00:00:00', 'IN_PROGRESS'),
('SCH-20260615-0044', 9146, 5, 'MILLING', '2026-06-19 00:00:00', '2026-06-28 00:00:00', 'IN_PROGRESS'),
('SCH-20260615-0045', 9147, 6, 'CNC', '2026-06-20 00:00:00', '2026-06-30 00:00:00', 'IN_PROGRESS');

INSERT INTO `outsub_allocation` (`id`, `workorder_id`, `process_seq`, `decision`, `decided_by_user_id`, `decided_at`) VALUES
(5000 + 6, 9108, 1, 'OUTSOURCE', 5, DATE_SUB(NOW(), INTERVAL 6 DAY)),
(5000 + 10, 9112, 1, 'OUTSOURCE', 5, DATE_SUB(NOW(), INTERVAL 0 DAY)),
(5000 + 11, 9113, 1, 'OUTSOURCE', 5, DATE_SUB(NOW(), INTERVAL 1 DAY)),
(5000 + 15, 9117, 1, 'OUTSOURCE', 5, DATE_SUB(NOW(), INTERVAL 5 DAY)),
(5000 + 16, 9118, 1, 'OUTSOURCE', 5, DATE_SUB(NOW(), INTERVAL 6 DAY)),
(5000 + 20, 9122, 1, 'OUTSOURCE', 5, DATE_SUB(NOW(), INTERVAL 0 DAY)),
(5000 + 21, 9123, 1, 'OUTSOURCE', 5, DATE_SUB(NOW(), INTERVAL 1 DAY)),
(5000 + 25, 9127, 1, 'OUTSOURCE', 5, DATE_SUB(NOW(), INTERVAL 5 DAY)),
(5000 + 26, 9128, 1, 'OUTSOURCE', 5, DATE_SUB(NOW(), INTERVAL 6 DAY)),
(5000 + 30, 9132, 1, 'OUTSOURCE', 5, DATE_SUB(NOW(), INTERVAL 0 DAY)),
(5000 + 31, 9133, 1, 'OUTSOURCE', 5, DATE_SUB(NOW(), INTERVAL 1 DAY)),
(5000 + 35, 9137, 1, 'OUTSOURCE', 5, DATE_SUB(NOW(), INTERVAL 5 DAY)),
(5000 + 36, 9138, 1, 'OUTSOURCE', 5, DATE_SUB(NOW(), INTERVAL 6 DAY)),
(5000 + 40, 9142, 1, 'OUTSOURCE', 5, DATE_SUB(NOW(), INTERVAL 0 DAY));

INSERT INTO `crm_outsource_order` (`outsource_no`, `workorder_no`, `step_no`, `supplier_id`, `supplier_name`, `process_name`, `material_code`, `qty`, `unit_price`, `total_amount`, `delivery_date`, `status`, `creator_user_id`) VALUES
('WW-20260601-0006', 'GD-20260601-0006', 1, 101, '苏州外协厂1', '表面处理', 'WL-A006', 50, 25.00, 1250.00, '2026-06-28', 'DRAFT', 9),
('WW-20260601-0010', 'GD-20260601-0010', 1, 100, '苏州外协厂0', '表面处理', 'WL-A010', 50, 25.00, 1250.00, '2026-06-20', 'INSPECTED', 9),
('WW-20260601-0011', 'GD-20260601-0011', 1, 101, '苏州外协厂1', '表面处理', 'WL-A001', 50, 25.00, 1250.00, '2026-06-22', 'COMPLETED', 9),
('WW-20260601-0015', 'GD-20260601-0015', 1, 100, '苏州外协厂0', '表面处理', 'WL-A005', 50, 25.00, 1250.00, '2026-07-16', 'IN_PRODUCTION', 9),
('WW-20260601-0016', 'GD-20260601-0016', 1, 101, '苏州外协厂1', '表面处理', 'WL-A006', 50, 25.00, 1250.00, '2026-07-02', 'INSPECTED', 9),
('WW-20260601-0020', 'GD-20260601-0020', 1, 100, '苏州外协厂0', '表面处理', 'WL-A010', 50, 25.00, 1250.00, '2026-07-02', 'ACCEPTED', 9),
('WW-20260601-0021', 'GD-20260601-0021', 1, 101, '苏州外协厂1', '表面处理', 'WL-A001', 50, 25.00, 1250.00, '2026-07-04', 'IN_PRODUCTION', 9),
('WW-20260601-0025', 'GD-20260601-0025', 1, 100, '苏州外协厂0', '表面处理', 'WL-A005', 50, 25.00, 1250.00, '2026-07-20', 'SENT', 9),
('WW-20260601-0026', 'GD-20260601-0026', 1, 101, '苏州外协厂1', '表面处理', 'WL-A006', 22, 25.00, 550.00, '2026-07-22', 'ACCEPTED', 9),
('WW-20260601-0030', 'GD-20260601-0030', 1, 100, '苏州外协厂0', '表面处理', 'WL-A010', 50, 25.00, 1250.00, '2026-06-16', 'DRAFT', 9),
('WW-20260601-0031', 'GD-20260601-0031', 1, 101, '苏州外协厂1', '表面处理', 'WL-A001', 50, 25.00, 1250.00, '2026-06-18', 'SENT', 9),
('WW-20260601-0035', 'GD-20260601-0035', 1, 100, '苏州外协厂0', '表面处理', 'WL-A005', 50, 25.00, 1250.00, '2026-06-26', 'COMPLETED', 9),
('WW-20260601-0036', 'GD-20260601-0036', 1, 101, '苏州外协厂1', '表面处理', 'WL-A006', 50, 25.00, 1250.00, '2026-06-28', 'DRAFT', 9),
('WW-20260601-0040', 'GD-20260601-0040', 1, 100, '苏州外协厂0', '表面处理', 'WL-A010', 50, 25.00, 1250.00, '2026-06-20', 'INSPECTED', 9);

INSERT INTO `crm_outsource_item` (`outsource_no`, `item_seq`, `material_code`, `material_name`, `spec`, `qty`, `unit`, `unit_price`, `total_amount`) VALUES
('WW-20260601-0006', 1, 'WL-A006', '设备支架 F', 'Q235 / 200×150', 50, 'PCS', 25.00, 1250.00),
('WW-20260601-0010', 1, 'WL-A010', '直线导轨 J', '20mm / HGR20', 50, 'PCS', 25.00, 1250.00),
('WW-20260601-0011', 1, 'WL-A001', '精密法兰盘 A 型', 'DN80 / φ120', 50, 'PCS', 25.00, 1250.00),
('WW-20260601-0015', 1, 'WL-A005', '精密轴套 E', '40Cr / φ45×80', 50, 'PCS', 25.00, 1250.00),
('WW-20260601-0016', 1, 'WL-A006', '设备支架 F', 'Q235 / 200×150', 50, 'PCS', 25.00, 1250.00),
('WW-20260601-0020', 1, 'WL-A010', '直线导轨 J', '20mm / HGR20', 50, 'PCS', 25.00, 1250.00),
('WW-20260601-0021', 1, 'WL-A001', '精密法兰盘 A 型', 'DN80 / φ120', 50, 'PCS', 25.00, 1250.00),
('WW-20260601-0025', 1, 'WL-A005', '精密轴套 E', '40Cr / φ45×80', 50, 'PCS', 25.00, 1250.00),
('WW-20260601-0026', 1, 'WL-A006', '设备支架 F', 'Q235 / 200×150', 22, 'PCS', 25.00, 550.00),
('WW-20260601-0030', 1, 'WL-A010', '直线导轨 J', '20mm / HGR20', 50, 'PCS', 25.00, 1250.00),
('WW-20260601-0031', 1, 'WL-A001', '精密法兰盘 A 型', 'DN80 / φ120', 50, 'PCS', 25.00, 1250.00),
('WW-20260601-0035', 1, 'WL-A005', '精密轴套 E', '40Cr / φ45×80', 50, 'PCS', 25.00, 1250.00),
('WW-20260601-0036', 1, 'WL-A006', '设备支架 F', 'Q235 / 200×150', 50, 'PCS', 25.00, 1250.00),
('WW-20260601-0040', 1, 'WL-A010', '直线导轨 J', '20mm / HGR20', 50, 'PCS', 25.00, 1250.00);

INSERT INTO `crm_purchase_order` (`id`, `po_no`, `supplier_id`, `supplier_name`, `total_amount`, `status`, `source_type`, `approval_status`, `remark`, `created_by`) VALUES
(1107, 'PO-20260401-0006', 101, '东莞某CNC外协', 16554.00, 'PARTIAL_ARRIVED', 'FROM_ORDER', 'APPROVED', 'Mock 采购', 9),
(1110, 'PO-20260401-0009', 104, '东莞某CNC外协', 33615.00, 'PENDING_SHIP', 'FROM_ORDER', 'APPROVED', 'Mock 采购', 9),
(1113, 'PO-20260401-0012', 102, '东莞某CNC外协', 30576.00, 'PARTIAL_ARRIVED', 'FROM_ORDER', 'APPROVED', 'Mock 采购', 9),
(1116, 'PO-20260401-0015', 100, '东莞某CNC外协', 15750.00, 'PENDING_SHIP', 'FROM_ORDER', 'APPROVED', 'Mock 采购', 9),
(1119, 'PO-20260401-0018', 103, '东莞某CNC外协', 48180.00, 'PARTIAL_ARRIVED', 'FROM_ORDER', 'APPROVED', 'Mock 采购', 9),
(1122, 'PO-20260401-0021', 101, '东莞某CNC外协', 64128.00, 'PENDING_SHIP', 'FROM_ORDER', 'APPROVED', 'Mock 采购', 9),
(1125, 'PO-20260401-0024', 104, '东莞某CNC外协', 38352.00, 'PARTIAL_ARRIVED', 'FROM_ORDER', 'APPROVED', 'Mock 采购', 9),
(1128, 'PO-20260401-0027', 102, '东莞某CNC外协', 6264.00, 'PENDING_SHIP', 'FROM_ORDER', 'APPROVED', 'Mock 采购', 9),
(1131, 'PO-20260401-0030', 100, '东莞某CNC外协', 25200.00, 'PARTIAL_ARRIVED', 'FROM_ORDER', 'APPROVED', 'Mock 采购', 9),
(1134, 'PO-20260401-0033', 103, '东莞某CNC外协', 33228.00, 'PENDING_SHIP', 'FROM_ORDER', 'APPROVED', 'Mock 采购', 9),
(1137, 'PO-20260401-0036', 101, '东莞某CNC外协', 24564.00, 'PARTIAL_ARRIVED', 'FROM_ORDER', 'APPROVED', 'Mock 采购', 9),
(1140, 'PO-20260401-0039', 104, '东莞某CNC外协', 45765.00, 'PENDING_SHIP', 'FROM_ORDER', 'APPROVED', 'Mock 采购', 9),
(1143, 'PO-20260401-0042', 102, '东莞某CNC外协', 39396.00, 'PARTIAL_ARRIVED', 'FROM_ORDER', 'APPROVED', 'Mock 采购', 9),
(1146, 'PO-20260401-0045', 100, '东莞某CNC外协', 19530.00, 'PENDING_SHIP', 'FROM_ORDER', 'APPROVED', 'Mock 采购', 9);

INSERT INTO `crm_purchase_order_item` (`po_id`, `purchase_order_id`, `material_code`, `material_name`, `quantity`, `unit_price`, `amount`, `delivery_date`, `sort_no`) VALUES
(1107, 1107, 'WL-A006', '设备支架 F', 31, 25.0000, 16554.00, '2026-06-28', 1),
(1110, 1110, 'WL-A009', '不锈钢滑块 I', 41, 25.0000, 33615.00, '2026-08-03', 1),
(1113, 1113, 'WL-A002', '液压阀体 B 型', 52, 25.0000, 30576.00, '2026-06-24', 1),
(1116, 1116, 'WL-A005', '精密轴套 E', 62, 25.0000, 15750.00, '2026-07-16', 1),
(1119, 1119, 'WL-A008', '电机底座 H', 73, 25.0000, 48180.00, '2026-08-05', 1),
(1122, 1122, 'WL-A001', '精密法兰盘 A 型', 83, 25.0000, 64128.00, '2026-07-04', 1),
(1125, 1125, 'WL-A004', '齿轮箱壳体 D 型', 94, 25.0000, 38352.00, '2026-07-18', 1),
(1128, 1128, 'WL-A007', '齿轮端盖 G', 14, 25.0000, 6264.00, '2026-08-23', 1),
(1131, 1131, 'WL-A010', '直线导轨 J', 25, 25.0000, 25200.00, '2026-06-16', 1),
(1134, 1134, 'WL-A003', '航空连接器外壳 C', 35, 25.0000, 33228.00, '2026-06-22', 1),
(1137, 1137, 'WL-A006', '设备支架 F', 46, 25.0000, 24564.00, '2026-06-28', 1),
(1140, 1140, 'WL-A009', '不锈钢滑块 I', 56, 25.0000, 45765.00, '2026-08-03', 1),
(1143, 1143, 'WL-A002', '液压阀体 B 型', 67, 25.0000, 39396.00, '2026-06-24', 1),
(1146, 1146, 'WL-A005', '精密轴套 E', 77, 25.0000, 19530.00, '2026-07-16', 1);

INSERT INTO `crm_quality_inspection` (`id`, `inspection_no`, `inspect_type`, `material_id`, `material_code`, `material_name`, `work_order_id`, `work_order_no`, `process_name`, `batch_no`, `lot_size`, `sample_size`, `sample_rule`, `aql_level`, `inspect_qty`, `passed_qty`, `failed_qty`, `defect_rate`, `result`, `inspector_user_id`, `inspected_at`, `max_severity`, `trigger_rework`, `trigger_stockin`, `remark`, `created_by`) VALUES
(12008, 'QI-20260601-0008', 'IQC', NULL, 'WL-A008', '电机底座 H', NULL, NULL, NULL, 'WL-A001-BATCH-20260615-0008', 76, 5, 'AQL-1.0', '1.0', 5, 4, 1, 20.00, 'PASSED', 8, NOW(), 'INFO', 0, 0, 'Mock 检验', 8),
(12012, 'QI-20260601-0012', 'IPQC', NULL, 'WL-A002', '液压阀体 B 型', 9114, 'GD-20260601-0012', 'CNC 粗加工', 'WL-A001-BATCH-20260615-0012', 100, 5, 'AQL-1.0', '1.0', 5, 4, 1, 20.00, 'PASSED', 8, NOW(), 'INFO', 0, 0, 'Mock 检验', 8),
(12016, 'QI-20260601-0016', 'IQC', NULL, 'WL-A006', '设备支架 F', NULL, NULL, NULL, 'WL-A001-BATCH-20260615-0016', 100, 5, 'AQL-1.0', '1.0', 5, 4, 1, 20.00, 'PASSED', 8, NOW(), 'INFO', 0, 0, 'Mock 检验', 8),
(12020, 'QI-20260601-0020', 'IPQC', NULL, 'WL-A010', '直线导轨 J', 9122, 'GD-20260601-0020', 'CNC 粗加工', 'WL-A001-BATCH-20260615-0020', 100, 5, 'AQL-1.0', '1.0', 5, 4, 1, 20.00, 'PASSED', 8, NOW(), 'INFO', 0, 0, 'Mock 检验', 8),
(12024, 'QI-20260601-0024', 'IQC', NULL, 'WL-A004', '齿轮箱壳体 D 型', NULL, NULL, NULL, 'WL-A001-BATCH-20260615-0024', 100, 5, 'AQL-1.0', '1.0', 5, 4, 1, 20.00, 'PASSED', 8, NOW(), 'INFO', 0, 0, 'Mock 检验', 8),
(12028, 'QI-20260601-0028', 'IPQC', NULL, 'WL-A008', '电机底座 H', 9130, 'GD-20260601-0028', 'CNC 粗加工', 'WL-A001-BATCH-20260615-0028', 36, 5, 'AQL-1.0', '1.0', 5, 4, 1, 20.00, 'PASSED', 8, NOW(), 'INFO', 0, 0, 'Mock 检验', 8),
(12032, 'QI-20260601-0032', 'IQC', NULL, 'WL-A002', '液压阀体 B 型', NULL, NULL, NULL, 'WL-A001-BATCH-20260615-0032', 64, 5, 'AQL-1.0', '1.0', 5, 4, 1, 20.00, 'PASSED', 8, NOW(), 'INFO', 0, 0, 'Mock 检验', 8),
(12036, 'QI-20260601-0036', 'IPQC', NULL, 'WL-A006', '设备支架 F', 9138, 'GD-20260601-0036', 'CNC 粗加工', 'WL-A001-BATCH-20260615-0036', 92, 5, 'AQL-1.0', '1.0', 5, 4, 1, 20.00, 'PASSED', 8, NOW(), 'INFO', 0, 0, 'Mock 检验', 8),
(12040, 'QI-20260601-0040', 'IQC', NULL, 'WL-A010', '直线导轨 J', NULL, NULL, NULL, 'WL-A001-BATCH-20260615-0040', 100, 5, 'AQL-1.0', '1.0', 5, 4, 1, 20.00, 'PASSED', 8, NOW(), 'INFO', 0, 0, 'Mock 检验', 8),
(12044, 'QI-20260601-0044', 'IPQC', NULL, 'WL-A004', '齿轮箱壳体 D 型', 9146, 'GD-20260601-0044', 'CNC 粗加工', 'WL-A001-BATCH-20260615-0044', 100, 5, 'AQL-1.0', '1.0', 5, 4, 1, 20.00, 'PASSED', 8, NOW(), 'INFO', 0, 0, 'Mock 检验', 8),
(12048, 'QI-20260601-0048', 'IQC', NULL, 'WL-A008', '电机底座 H', NULL, NULL, NULL, 'WL-A001-BATCH-20260615-0048', 100, 5, 'AQL-1.0', '1.0', 5, 4, 1, 20.00, 'PASSED', 8, NOW(), 'INFO', 0, 0, 'Mock 检验', 8);

INSERT INTO `crm_quality_inspection_item` (`inspection_id`, `item_name`, `standard`, `measured_value`, `severity`, `passed`, `defect_desc`) VALUES
(12008, '外观检验', '无划伤', '合格', 'INFO', 1, NULL),
(12012, '外观检验', '无划伤', '合格', 'INFO', 1, NULL),
(12016, '外观检验', '无划伤', '合格', 'INFO', 1, NULL),
(12020, '外观检验', '无划伤', '合格', 'INFO', 1, NULL),
(12024, '外观检验', '无划伤', '合格', 'INFO', 1, NULL),
(12028, '外观检验', '无划伤', '合格', 'INFO', 1, NULL),
(12032, '外观检验', '无划伤', '合格', 'INFO', 1, NULL),
(12036, '外观检验', '无划伤', '合格', 'INFO', 1, NULL),
(12040, '外观检验', '无划伤', '合格', 'INFO', 1, NULL),
(12044, '外观检验', '无划伤', '合格', 'INFO', 1, NULL),
(12048, '外观检验', '无划伤', '合格', 'INFO', 1, NULL);

-- ---------- 50 员工 · 考勤 · 薪酬 ----------
INSERT INTO `crm_hr_employee` (`employee_no`, `name`, `department`, `position`, `phone`, `email`, `hire_date`, `status`, `base_salary`) VALUES
('EM-MOCK-0001', '钱强', '品质部', 'IQC 专员', '13810000001', 'emp1@mock.local', '2026-05-02', 'ACTIVE', 6000.00),
('EM-MOCK-0002', '孙军', '工程部', '工艺工程师', '13810000002', 'emp2@mock.local', '2026-04-02', 'ACTIVE', 6500.00),
('EM-MOCK-0003', '李洋', '采购部', '采购主管', '13810000003', 'emp3@mock.local', '2026-03-03', 'ACTIVE', 7000.00),
('EM-MOCK-0004', '周杰', '销售部', '业务员', '13810000004', 'emp4@mock.local', '2026-02-01', 'ACTIVE', 7500.00),
('EM-MOCK-0005', '吴明', '财务部', '出纳', '13810000005', 'emp5@mock.local', '2026-01-02', 'ACTIVE', 8000.00),
('EM-MOCK-0006', '郑霞', '仓储部', '仓管员', '13810000006', 'emp6@mock.local', '2025-12-03', 'ACTIVE', 8500.00),
('EM-MOCK-0007', '王桂', '人事部', '薪酬专员', '13810000007', 'emp7@mock.local', '2025-11-03', 'ACTIVE', 9000.00),
('EM-MOCK-0008', '冯玉', '生产部', 'CNC 操作员', '13810000008', 'emp8@mock.local', '2025-10-04', 'ACTIVE', 9500.00),
('EM-MOCK-0009', '陈丽', '品质部', 'IQC 专员', '13810000009', 'emp9@mock.local', '2025-09-04', 'ACTIVE', 10000.00),
('EM-MOCK-0010', '褚娜', '工程部', '工艺工程师', '13810000010', 'emp10@mock.local', '2025-08-05', 'ACTIVE', 5500.00),
('EM-MOCK-0011', '卫磊', '采购部', '采购主管', '13810000011', 'emp11@mock.local', '2025-07-06', 'ACTIVE', 6000.00),
('EM-MOCK-0012', '蒋婷', '销售部', '业务员', '13810000012', 'emp12@mock.local', '2025-06-06', 'ACTIVE', 6500.00),
('EM-MOCK-0013', '沈艳', '财务部', '出纳', '13810000013', 'emp13@mock.local', '2025-05-07', 'ACTIVE', 7000.00),
('EM-MOCK-0014', '韩涛', '仓储部', '仓管员', '13810000014', 'emp14@mock.local', '2025-04-07', 'ACTIVE', 7500.00),
('EM-MOCK-0015', '杨秀', '人事部', '薪酬专员', '13810000015', 'emp15@mock.local', '2025-03-08', 'ACTIVE', 8000.00),
('EM-MOCK-0016', '朱刚', '生产部', 'CNC 操作员', '13810000016', 'emp16@mock.local', '2025-02-06', 'ACTIVE', 8500.00),
('EM-MOCK-0017', '秦华', '品质部', 'IQC 专员', '13810000017', 'emp17@mock.local', '2025-01-07', 'ACTIVE', 9000.00),
('EM-MOCK-0018', '尤红', '工程部', '工艺工程师', '13810000018', 'emp18@mock.local', '2024-12-08', 'ACTIVE', 9500.00),
('EM-MOCK-0019', '许芳', '采购部', '采购主管', '13810000019', 'emp19@mock.local', '2024-11-08', 'ACTIVE', 10000.00),
('EM-MOCK-0020', '何静', '销售部', '业务员', '13810000020', 'emp20@mock.local', '2024-10-09', 'ACTIVE', 5500.00),
('EM-MOCK-0021', '吕敏', '财务部', '出纳', '13810000021', 'emp21@mock.local', '2024-09-09', 'ACTIVE', 6000.00),
('EM-MOCK-0022', '施勇', '仓储部', '仓管员', '13810000022', 'emp22@mock.local', '2024-08-10', 'ACTIVE', 6500.00),
('EM-MOCK-0023', '张娟', '人事部', '薪酬专员', '13810000023', 'emp23@mock.local', '2024-07-11', 'ACTIVE', 7000.00),
('EM-MOCK-0024', '孔超', '生产部', 'CNC 操作员', '13810000024', 'emp24@mock.local', '2026-06-01', 'ACTIVE', 7500.00),
('EM-MOCK-0025', '曹平', '品质部', 'IQC 专员', '13810000025', 'emp25@mock.local', '2026-05-02', 'ACTIVE', 8000.00),
('EM-MOCK-0026', '严英', '工程部', '工艺工程师', '13810000026', 'emp26@mock.local', '2026-04-02', 'ACTIVE', 8500.00),
('EM-MOCK-0027', '华萍', '采购部', '采购主管', '13810000027', 'emp27@mock.local', '2026-03-03', 'ACTIVE', 9000.00),
('EM-MOCK-0028', '金伟', '销售部', '业务员', '13810000028', 'emp28@mock.local', '2026-02-01', 'ACTIVE', 9500.00),
('EM-MOCK-0029', '魏强', '财务部', '出纳', '13810000029', 'emp29@mock.local', '2026-01-02', 'ACTIVE', 10000.00),
('EM-MOCK-0030', '陶军', '仓储部', '仓管员', '13810000030', 'emp30@mock.local', '2025-12-03', 'ACTIVE', 5500.00),
('EM-MOCK-0031', '姜洋', '人事部', '薪酬专员', '13810000031', 'emp31@mock.local', '2025-11-03', 'ACTIVE', 6000.00),
('EM-MOCK-0032', '赵杰', '生产部', 'CNC 操作员', '13810000032', 'emp32@mock.local', '2025-10-04', 'ACTIVE', 6500.00),
('EM-MOCK-0033', '钱明', '品质部', 'IQC 专员', '13810000033', 'emp33@mock.local', '2025-09-04', 'ACTIVE', 7000.00),
('EM-MOCK-0034', '孙霞', '工程部', '工艺工程师', '13810000034', 'emp34@mock.local', '2025-08-05', 'ACTIVE', 7500.00),
('EM-MOCK-0035', '李桂', '采购部', '采购主管', '13810000035', 'emp35@mock.local', '2025-07-06', 'ACTIVE', 8000.00),
('EM-MOCK-0036', '周玉', '销售部', '业务员', '13810000036', 'emp36@mock.local', '2025-06-06', 'ACTIVE', 8500.00),
('EM-MOCK-0037', '吴丽', '财务部', '出纳', '13810000037', 'emp37@mock.local', '2025-05-07', 'ACTIVE', 9000.00),
('EM-MOCK-0038', '郑娜', '仓储部', '仓管员', '13810000038', 'emp38@mock.local', '2025-04-07', 'ACTIVE', 9500.00),
('EM-MOCK-0039', '王磊', '人事部', '薪酬专员', '13810000039', 'emp39@mock.local', '2025-03-08', 'ACTIVE', 10000.00),
('EM-MOCK-0040', '冯婷', '生产部', 'CNC 操作员', '13810000040', 'emp40@mock.local', '2025-02-06', 'ACTIVE', 5500.00),
('EM-MOCK-0041', '陈艳', '品质部', 'IQC 专员', '13810000041', 'emp41@mock.local', '2025-01-07', 'ACTIVE', 6000.00),
('EM-MOCK-0042', '褚涛', '工程部', '工艺工程师', '13810000042', 'emp42@mock.local', '2024-12-08', 'ACTIVE', 6500.00),
('EM-MOCK-0043', '卫秀', '采购部', '采购主管', '13810000043', 'emp43@mock.local', '2024-11-08', 'ACTIVE', 7000.00),
('EM-MOCK-0044', '蒋刚', '销售部', '业务员', '13810000044', 'emp44@mock.local', '2024-10-09', 'ACTIVE', 7500.00),
('EM-MOCK-0045', '沈华', '财务部', '出纳', '13810000045', 'emp45@mock.local', '2024-09-09', 'ACTIVE', 8000.00),
('EM-MOCK-0046', '韩红', '仓储部', '仓管员', '13810000046', 'emp46@mock.local', '2024-08-10', 'ACTIVE', 8500.00),
('EM-MOCK-0047', '杨芳', '人事部', '薪酬专员', '13810000047', 'emp47@mock.local', '2024-07-11', 'ACTIVE', 9000.00),
('EM-MOCK-0048', '朱静', '生产部', 'CNC 操作员', '13810000048', 'emp48@mock.local', '2026-06-01', 'ACTIVE', 9500.00),
('EM-MOCK-0049', '秦敏', '品质部', 'IQC 专员', '13810000049', 'emp49@mock.local', '2026-05-02', 'ACTIVE', 10000.00),
('EM-MOCK-0050', '尤勇', '工程部', '工艺工程师', '13810000050', 'emp50@mock.local', '2026-04-02', 'ACTIVE', 5500.00);

INSERT INTO `crm_hr_attendance` (`employee_id`, `employee_no`, `clock_type`, `clock_at`) VALUES
((SELECT id FROM crm_hr_employee WHERE employee_no='EM-MOCK-0001'), 'EM-MOCK-0001', 'IN', '2026-06-01 08:31:00'),
((SELECT id FROM crm_hr_employee WHERE employee_no='EM-MOCK-0001'), 'EM-MOCK-0001', 'OUT', '2026-06-01 17:31:00'),
((SELECT id FROM crm_hr_employee WHERE employee_no='EM-MOCK-0001'), 'EM-MOCK-0001', 'IN', '2026-06-02 08:31:00'),
((SELECT id FROM crm_hr_employee WHERE employee_no='EM-MOCK-0001'), 'EM-MOCK-0001', 'OUT', '2026-06-02 17:31:00'),
((SELECT id FROM crm_hr_employee WHERE employee_no='EM-MOCK-0001'), 'EM-MOCK-0001', 'IN', '2026-06-03 08:31:00'),
((SELECT id FROM crm_hr_employee WHERE employee_no='EM-MOCK-0001'), 'EM-MOCK-0001', 'OUT', '2026-06-03 17:31:00'),
((SELECT id FROM crm_hr_employee WHERE employee_no='EM-MOCK-0001'), 'EM-MOCK-0001', 'IN', '2026-06-04 08:31:00'),
((SELECT id FROM crm_hr_employee WHERE employee_no='EM-MOCK-0001'), 'EM-MOCK-0001', 'OUT', '2026-06-04 17:31:00'),
((SELECT id FROM crm_hr_employee WHERE employee_no='EM-MOCK-0001'), 'EM-MOCK-0001', 'IN', '2026-06-05 08:31:00'),
((SELECT id FROM crm_hr_employee WHERE employee_no='EM-MOCK-0001'), 'EM-MOCK-0001', 'OUT', '2026-06-05 17:31:00'),
((SELECT id FROM crm_hr_employee WHERE employee_no='EM-MOCK-0002'), 'EM-MOCK-0002', 'IN', '2026-06-01 08:32:00'),
((SELECT id FROM crm_hr_employee WHERE employee_no='EM-MOCK-0002'), 'EM-MOCK-0002', 'OUT', '2026-06-01 17:32:00'),
((SELECT id FROM crm_hr_employee WHERE employee_no='EM-MOCK-0002'), 'EM-MOCK-0002', 'IN', '2026-06-02 08:32:00'),
((SELECT id FROM crm_hr_employee WHERE employee_no='EM-MOCK-0002'), 'EM-MOCK-0002', 'OUT', '2026-06-02 17:32:00'),
((SELECT id FROM crm_hr_employee WHERE employee_no='EM-MOCK-0002'), 'EM-MOCK-0002', 'IN', '2026-06-03 08:32:00'),
((SELECT id FROM crm_hr_employee WHERE employee_no='EM-MOCK-0002'), 'EM-MOCK-0002', 'OUT', '2026-06-03 17:32:00'),
((SELECT id FROM crm_hr_employee WHERE employee_no='EM-MOCK-0002'), 'EM-MOCK-0002', 'IN', '2026-06-04 08:32:00'),
((SELECT id FROM crm_hr_employee WHERE employee_no='EM-MOCK-0002'), 'EM-MOCK-0002', 'OUT', '2026-06-04 17:32:00'),
((SELECT id FROM crm_hr_employee WHERE employee_no='EM-MOCK-0002'), 'EM-MOCK-0002', 'IN', '2026-06-05 08:32:00'),
((SELECT id FROM crm_hr_employee WHERE employee_no='EM-MOCK-0002'), 'EM-MOCK-0002', 'OUT', '2026-06-05 17:32:00'),
((SELECT id FROM crm_hr_employee WHERE employee_no='EM-MOCK-0003'), 'EM-MOCK-0003', 'IN', '2026-06-01 08:33:00'),
((SELECT id FROM crm_hr_employee WHERE employee_no='EM-MOCK-0003'), 'EM-MOCK-0003', 'OUT', '2026-06-01 17:33:00'),
((SELECT id FROM crm_hr_employee WHERE employee_no='EM-MOCK-0003'), 'EM-MOCK-0003', 'IN', '2026-06-02 08:33:00'),
((SELECT id FROM crm_hr_employee WHERE employee_no='EM-MOCK-0003'), 'EM-MOCK-0003', 'OUT', '2026-06-02 17:33:00'),
((SELECT id FROM crm_hr_employee WHERE employee_no='EM-MOCK-0003'), 'EM-MOCK-0003', 'IN', '2026-06-03 08:33:00'),
((SELECT id FROM crm_hr_employee WHERE employee_no='EM-MOCK-0003'), 'EM-MOCK-0003', 'OUT', '2026-06-03 17:33:00'),
((SELECT id FROM crm_hr_employee WHERE employee_no='EM-MOCK-0003'), 'EM-MOCK-0003', 'IN', '2026-06-04 08:33:00'),
((SELECT id FROM crm_hr_employee WHERE employee_no='EM-MOCK-0003'), 'EM-MOCK-0003', 'OUT', '2026-06-04 17:33:00'),
((SELECT id FROM crm_hr_employee WHERE employee_no='EM-MOCK-0003'), 'EM-MOCK-0003', 'IN', '2026-06-05 08:33:00'),
((SELECT id FROM crm_hr_employee WHERE employee_no='EM-MOCK-0003'), 'EM-MOCK-0003', 'OUT', '2026-06-05 17:33:00'),
((SELECT id FROM crm_hr_employee WHERE employee_no='EM-MOCK-0004'), 'EM-MOCK-0004', 'IN', '2026-06-01 08:34:00'),
((SELECT id FROM crm_hr_employee WHERE employee_no='EM-MOCK-0004'), 'EM-MOCK-0004', 'OUT', '2026-06-01 17:34:00'),
((SELECT id FROM crm_hr_employee WHERE employee_no='EM-MOCK-0004'), 'EM-MOCK-0004', 'IN', '2026-06-02 08:34:00'),
((SELECT id FROM crm_hr_employee WHERE employee_no='EM-MOCK-0004'), 'EM-MOCK-0004', 'OUT', '2026-06-02 17:34:00'),
((SELECT id FROM crm_hr_employee WHERE employee_no='EM-MOCK-0004'), 'EM-MOCK-0004', 'IN', '2026-06-03 08:34:00'),
((SELECT id FROM crm_hr_employee WHERE employee_no='EM-MOCK-0004'), 'EM-MOCK-0004', 'OUT', '2026-06-03 17:34:00'),
((SELECT id FROM crm_hr_employee WHERE employee_no='EM-MOCK-0004'), 'EM-MOCK-0004', 'IN', '2026-06-04 08:34:00'),
((SELECT id FROM crm_hr_employee WHERE employee_no='EM-MOCK-0004'), 'EM-MOCK-0004', 'OUT', '2026-06-04 17:34:00'),
((SELECT id FROM crm_hr_employee WHERE employee_no='EM-MOCK-0004'), 'EM-MOCK-0004', 'IN', '2026-06-05 08:34:00'),
((SELECT id FROM crm_hr_employee WHERE employee_no='EM-MOCK-0004'), 'EM-MOCK-0004', 'OUT', '2026-06-05 17:34:00'),
((SELECT id FROM crm_hr_employee WHERE employee_no='EM-MOCK-0005'), 'EM-MOCK-0005', 'IN', '2026-06-01 08:35:00'),
((SELECT id FROM crm_hr_employee WHERE employee_no='EM-MOCK-0005'), 'EM-MOCK-0005', 'OUT', '2026-06-01 17:35:00'),
((SELECT id FROM crm_hr_employee WHERE employee_no='EM-MOCK-0005'), 'EM-MOCK-0005', 'IN', '2026-06-02 08:35:00'),
((SELECT id FROM crm_hr_employee WHERE employee_no='EM-MOCK-0005'), 'EM-MOCK-0005', 'OUT', '2026-06-02 17:35:00'),
((SELECT id FROM crm_hr_employee WHERE employee_no='EM-MOCK-0005'), 'EM-MOCK-0005', 'IN', '2026-06-03 08:35:00'),
((SELECT id FROM crm_hr_employee WHERE employee_no='EM-MOCK-0005'), 'EM-MOCK-0005', 'OUT', '2026-06-03 17:35:00'),
((SELECT id FROM crm_hr_employee WHERE employee_no='EM-MOCK-0005'), 'EM-MOCK-0005', 'IN', '2026-06-04 08:35:00'),
((SELECT id FROM crm_hr_employee WHERE employee_no='EM-MOCK-0005'), 'EM-MOCK-0005', 'OUT', '2026-06-04 17:35:00'),
((SELECT id FROM crm_hr_employee WHERE employee_no='EM-MOCK-0005'), 'EM-MOCK-0005', 'IN', '2026-06-05 08:35:00'),
((SELECT id FROM crm_hr_employee WHERE employee_no='EM-MOCK-0005'), 'EM-MOCK-0005', 'OUT', '2026-06-05 17:35:00'),
((SELECT id FROM crm_hr_employee WHERE employee_no='EM-MOCK-0006'), 'EM-MOCK-0006', 'IN', '2026-06-01 08:36:00'),
((SELECT id FROM crm_hr_employee WHERE employee_no='EM-MOCK-0006'), 'EM-MOCK-0006', 'OUT', '2026-06-01 17:36:00'),
((SELECT id FROM crm_hr_employee WHERE employee_no='EM-MOCK-0006'), 'EM-MOCK-0006', 'IN', '2026-06-02 08:36:00'),
((SELECT id FROM crm_hr_employee WHERE employee_no='EM-MOCK-0006'), 'EM-MOCK-0006', 'OUT', '2026-06-02 17:36:00'),
((SELECT id FROM crm_hr_employee WHERE employee_no='EM-MOCK-0006'), 'EM-MOCK-0006', 'IN', '2026-06-03 08:36:00'),
((SELECT id FROM crm_hr_employee WHERE employee_no='EM-MOCK-0006'), 'EM-MOCK-0006', 'OUT', '2026-06-03 17:36:00'),
((SELECT id FROM crm_hr_employee WHERE employee_no='EM-MOCK-0006'), 'EM-MOCK-0006', 'IN', '2026-06-04 08:36:00'),
((SELECT id FROM crm_hr_employee WHERE employee_no='EM-MOCK-0006'), 'EM-MOCK-0006', 'OUT', '2026-06-04 17:36:00'),
((SELECT id FROM crm_hr_employee WHERE employee_no='EM-MOCK-0006'), 'EM-MOCK-0006', 'IN', '2026-06-05 08:36:00'),
((SELECT id FROM crm_hr_employee WHERE employee_no='EM-MOCK-0006'), 'EM-MOCK-0006', 'OUT', '2026-06-05 17:36:00'),
((SELECT id FROM crm_hr_employee WHERE employee_no='EM-MOCK-0007'), 'EM-MOCK-0007', 'IN', '2026-06-01 08:37:00'),
((SELECT id FROM crm_hr_employee WHERE employee_no='EM-MOCK-0007'), 'EM-MOCK-0007', 'OUT', '2026-06-01 17:37:00'),
((SELECT id FROM crm_hr_employee WHERE employee_no='EM-MOCK-0007'), 'EM-MOCK-0007', 'IN', '2026-06-02 08:37:00'),
((SELECT id FROM crm_hr_employee WHERE employee_no='EM-MOCK-0007'), 'EM-MOCK-0007', 'OUT', '2026-06-02 17:37:00'),
((SELECT id FROM crm_hr_employee WHERE employee_no='EM-MOCK-0007'), 'EM-MOCK-0007', 'IN', '2026-06-03 08:37:00'),
((SELECT id FROM crm_hr_employee WHERE employee_no='EM-MOCK-0007'), 'EM-MOCK-0007', 'OUT', '2026-06-03 17:37:00'),
((SELECT id FROM crm_hr_employee WHERE employee_no='EM-MOCK-0007'), 'EM-MOCK-0007', 'IN', '2026-06-04 08:37:00'),
((SELECT id FROM crm_hr_employee WHERE employee_no='EM-MOCK-0007'), 'EM-MOCK-0007', 'OUT', '2026-06-04 17:37:00'),
((SELECT id FROM crm_hr_employee WHERE employee_no='EM-MOCK-0007'), 'EM-MOCK-0007', 'IN', '2026-06-05 08:37:00'),
((SELECT id FROM crm_hr_employee WHERE employee_no='EM-MOCK-0007'), 'EM-MOCK-0007', 'OUT', '2026-06-05 17:37:00'),
((SELECT id FROM crm_hr_employee WHERE employee_no='EM-MOCK-0008'), 'EM-MOCK-0008', 'IN', '2026-06-01 08:38:00'),
((SELECT id FROM crm_hr_employee WHERE employee_no='EM-MOCK-0008'), 'EM-MOCK-0008', 'OUT', '2026-06-01 17:38:00'),
((SELECT id FROM crm_hr_employee WHERE employee_no='EM-MOCK-0008'), 'EM-MOCK-0008', 'IN', '2026-06-02 08:38:00'),
((SELECT id FROM crm_hr_employee WHERE employee_no='EM-MOCK-0008'), 'EM-MOCK-0008', 'OUT', '2026-06-02 17:38:00'),
((SELECT id FROM crm_hr_employee WHERE employee_no='EM-MOCK-0008'), 'EM-MOCK-0008', 'IN', '2026-06-03 08:38:00'),
((SELECT id FROM crm_hr_employee WHERE employee_no='EM-MOCK-0008'), 'EM-MOCK-0008', 'OUT', '2026-06-03 17:38:00'),
((SELECT id FROM crm_hr_employee WHERE employee_no='EM-MOCK-0008'), 'EM-MOCK-0008', 'IN', '2026-06-04 08:38:00'),
((SELECT id FROM crm_hr_employee WHERE employee_no='EM-MOCK-0008'), 'EM-MOCK-0008', 'OUT', '2026-06-04 17:38:00'),
((SELECT id FROM crm_hr_employee WHERE employee_no='EM-MOCK-0008'), 'EM-MOCK-0008', 'IN', '2026-06-05 08:38:00'),
((SELECT id FROM crm_hr_employee WHERE employee_no='EM-MOCK-0008'), 'EM-MOCK-0008', 'OUT', '2026-06-05 17:38:00'),
((SELECT id FROM crm_hr_employee WHERE employee_no='EM-MOCK-0009'), 'EM-MOCK-0009', 'IN', '2026-06-01 08:39:00'),
((SELECT id FROM crm_hr_employee WHERE employee_no='EM-MOCK-0009'), 'EM-MOCK-0009', 'OUT', '2026-06-01 17:39:00'),
((SELECT id FROM crm_hr_employee WHERE employee_no='EM-MOCK-0009'), 'EM-MOCK-0009', 'IN', '2026-06-02 08:39:00'),
((SELECT id FROM crm_hr_employee WHERE employee_no='EM-MOCK-0009'), 'EM-MOCK-0009', 'OUT', '2026-06-02 17:39:00'),
((SELECT id FROM crm_hr_employee WHERE employee_no='EM-MOCK-0009'), 'EM-MOCK-0009', 'IN', '2026-06-03 08:39:00'),
((SELECT id FROM crm_hr_employee WHERE employee_no='EM-MOCK-0009'), 'EM-MOCK-0009', 'OUT', '2026-06-03 17:39:00'),
((SELECT id FROM crm_hr_employee WHERE employee_no='EM-MOCK-0009'), 'EM-MOCK-0009', 'IN', '2026-06-04 08:39:00'),
((SELECT id FROM crm_hr_employee WHERE employee_no='EM-MOCK-0009'), 'EM-MOCK-0009', 'OUT', '2026-06-04 17:39:00'),
((SELECT id FROM crm_hr_employee WHERE employee_no='EM-MOCK-0009'), 'EM-MOCK-0009', 'IN', '2026-06-05 08:39:00'),
((SELECT id FROM crm_hr_employee WHERE employee_no='EM-MOCK-0009'), 'EM-MOCK-0009', 'OUT', '2026-06-05 17:39:00'),
((SELECT id FROM crm_hr_employee WHERE employee_no='EM-MOCK-0010'), 'EM-MOCK-0010', 'IN', '2026-06-01 08:40:00'),
((SELECT id FROM crm_hr_employee WHERE employee_no='EM-MOCK-0010'), 'EM-MOCK-0010', 'OUT', '2026-06-01 17:40:00'),
((SELECT id FROM crm_hr_employee WHERE employee_no='EM-MOCK-0010'), 'EM-MOCK-0010', 'IN', '2026-06-02 08:40:00'),
((SELECT id FROM crm_hr_employee WHERE employee_no='EM-MOCK-0010'), 'EM-MOCK-0010', 'OUT', '2026-06-02 17:40:00'),
((SELECT id FROM crm_hr_employee WHERE employee_no='EM-MOCK-0010'), 'EM-MOCK-0010', 'IN', '2026-06-03 08:40:00'),
((SELECT id FROM crm_hr_employee WHERE employee_no='EM-MOCK-0010'), 'EM-MOCK-0010', 'OUT', '2026-06-03 17:40:00'),
((SELECT id FROM crm_hr_employee WHERE employee_no='EM-MOCK-0010'), 'EM-MOCK-0010', 'IN', '2026-06-04 08:40:00'),
((SELECT id FROM crm_hr_employee WHERE employee_no='EM-MOCK-0010'), 'EM-MOCK-0010', 'OUT', '2026-06-04 17:40:00'),
((SELECT id FROM crm_hr_employee WHERE employee_no='EM-MOCK-0010'), 'EM-MOCK-0010', 'IN', '2026-06-05 08:40:00'),
((SELECT id FROM crm_hr_employee WHERE employee_no='EM-MOCK-0010'), 'EM-MOCK-0010', 'OUT', '2026-06-05 17:40:00'),
((SELECT id FROM crm_hr_employee WHERE employee_no='EM-MOCK-0011'), 'EM-MOCK-0011', 'IN', '2026-06-01 08:41:00'),
((SELECT id FROM crm_hr_employee WHERE employee_no='EM-MOCK-0011'), 'EM-MOCK-0011', 'OUT', '2026-06-01 17:41:00'),
((SELECT id FROM crm_hr_employee WHERE employee_no='EM-MOCK-0011'), 'EM-MOCK-0011', 'IN', '2026-06-02 08:41:00'),
((SELECT id FROM crm_hr_employee WHERE employee_no='EM-MOCK-0011'), 'EM-MOCK-0011', 'OUT', '2026-06-02 17:41:00'),
((SELECT id FROM crm_hr_employee WHERE employee_no='EM-MOCK-0011'), 'EM-MOCK-0011', 'IN', '2026-06-03 08:41:00'),
((SELECT id FROM crm_hr_employee WHERE employee_no='EM-MOCK-0011'), 'EM-MOCK-0011', 'OUT', '2026-06-03 17:41:00'),
((SELECT id FROM crm_hr_employee WHERE employee_no='EM-MOCK-0011'), 'EM-MOCK-0011', 'IN', '2026-06-04 08:41:00'),
((SELECT id FROM crm_hr_employee WHERE employee_no='EM-MOCK-0011'), 'EM-MOCK-0011', 'OUT', '2026-06-04 17:41:00'),
((SELECT id FROM crm_hr_employee WHERE employee_no='EM-MOCK-0011'), 'EM-MOCK-0011', 'IN', '2026-06-05 08:41:00'),
((SELECT id FROM crm_hr_employee WHERE employee_no='EM-MOCK-0011'), 'EM-MOCK-0011', 'OUT', '2026-06-05 17:41:00'),
((SELECT id FROM crm_hr_employee WHERE employee_no='EM-MOCK-0012'), 'EM-MOCK-0012', 'IN', '2026-06-01 08:42:00'),
((SELECT id FROM crm_hr_employee WHERE employee_no='EM-MOCK-0012'), 'EM-MOCK-0012', 'OUT', '2026-06-01 17:42:00'),
((SELECT id FROM crm_hr_employee WHERE employee_no='EM-MOCK-0012'), 'EM-MOCK-0012', 'IN', '2026-06-02 08:42:00'),
((SELECT id FROM crm_hr_employee WHERE employee_no='EM-MOCK-0012'), 'EM-MOCK-0012', 'OUT', '2026-06-02 17:42:00'),
((SELECT id FROM crm_hr_employee WHERE employee_no='EM-MOCK-0012'), 'EM-MOCK-0012', 'IN', '2026-06-03 08:42:00'),
((SELECT id FROM crm_hr_employee WHERE employee_no='EM-MOCK-0012'), 'EM-MOCK-0012', 'OUT', '2026-06-03 17:42:00'),
((SELECT id FROM crm_hr_employee WHERE employee_no='EM-MOCK-0012'), 'EM-MOCK-0012', 'IN', '2026-06-04 08:42:00'),
((SELECT id FROM crm_hr_employee WHERE employee_no='EM-MOCK-0012'), 'EM-MOCK-0012', 'OUT', '2026-06-04 17:42:00'),
((SELECT id FROM crm_hr_employee WHERE employee_no='EM-MOCK-0012'), 'EM-MOCK-0012', 'IN', '2026-06-05 08:42:00'),
((SELECT id FROM crm_hr_employee WHERE employee_no='EM-MOCK-0012'), 'EM-MOCK-0012', 'OUT', '2026-06-05 17:42:00'),
((SELECT id FROM crm_hr_employee WHERE employee_no='EM-MOCK-0013'), 'EM-MOCK-0013', 'IN', '2026-06-01 08:43:00'),
((SELECT id FROM crm_hr_employee WHERE employee_no='EM-MOCK-0013'), 'EM-MOCK-0013', 'OUT', '2026-06-01 17:43:00'),
((SELECT id FROM crm_hr_employee WHERE employee_no='EM-MOCK-0013'), 'EM-MOCK-0013', 'IN', '2026-06-02 08:43:00'),
((SELECT id FROM crm_hr_employee WHERE employee_no='EM-MOCK-0013'), 'EM-MOCK-0013', 'OUT', '2026-06-02 17:43:00'),
((SELECT id FROM crm_hr_employee WHERE employee_no='EM-MOCK-0013'), 'EM-MOCK-0013', 'IN', '2026-06-03 08:43:00'),
((SELECT id FROM crm_hr_employee WHERE employee_no='EM-MOCK-0013'), 'EM-MOCK-0013', 'OUT', '2026-06-03 17:43:00'),
((SELECT id FROM crm_hr_employee WHERE employee_no='EM-MOCK-0013'), 'EM-MOCK-0013', 'IN', '2026-06-04 08:43:00'),
((SELECT id FROM crm_hr_employee WHERE employee_no='EM-MOCK-0013'), 'EM-MOCK-0013', 'OUT', '2026-06-04 17:43:00'),
((SELECT id FROM crm_hr_employee WHERE employee_no='EM-MOCK-0013'), 'EM-MOCK-0013', 'IN', '2026-06-05 08:43:00'),
((SELECT id FROM crm_hr_employee WHERE employee_no='EM-MOCK-0013'), 'EM-MOCK-0013', 'OUT', '2026-06-05 17:43:00'),
((SELECT id FROM crm_hr_employee WHERE employee_no='EM-MOCK-0014'), 'EM-MOCK-0014', 'IN', '2026-06-01 08:44:00'),
((SELECT id FROM crm_hr_employee WHERE employee_no='EM-MOCK-0014'), 'EM-MOCK-0014', 'OUT', '2026-06-01 17:44:00'),
((SELECT id FROM crm_hr_employee WHERE employee_no='EM-MOCK-0014'), 'EM-MOCK-0014', 'IN', '2026-06-02 08:44:00'),
((SELECT id FROM crm_hr_employee WHERE employee_no='EM-MOCK-0014'), 'EM-MOCK-0014', 'OUT', '2026-06-02 17:44:00'),
((SELECT id FROM crm_hr_employee WHERE employee_no='EM-MOCK-0014'), 'EM-MOCK-0014', 'IN', '2026-06-03 08:44:00'),
((SELECT id FROM crm_hr_employee WHERE employee_no='EM-MOCK-0014'), 'EM-MOCK-0014', 'OUT', '2026-06-03 17:44:00'),
((SELECT id FROM crm_hr_employee WHERE employee_no='EM-MOCK-0014'), 'EM-MOCK-0014', 'IN', '2026-06-04 08:44:00'),
((SELECT id FROM crm_hr_employee WHERE employee_no='EM-MOCK-0014'), 'EM-MOCK-0014', 'OUT', '2026-06-04 17:44:00'),
((SELECT id FROM crm_hr_employee WHERE employee_no='EM-MOCK-0014'), 'EM-MOCK-0014', 'IN', '2026-06-05 08:44:00'),
((SELECT id FROM crm_hr_employee WHERE employee_no='EM-MOCK-0014'), 'EM-MOCK-0014', 'OUT', '2026-06-05 17:44:00'),
((SELECT id FROM crm_hr_employee WHERE employee_no='EM-MOCK-0015'), 'EM-MOCK-0015', 'IN', '2026-06-01 08:45:00'),
((SELECT id FROM crm_hr_employee WHERE employee_no='EM-MOCK-0015'), 'EM-MOCK-0015', 'OUT', '2026-06-01 17:45:00'),
((SELECT id FROM crm_hr_employee WHERE employee_no='EM-MOCK-0015'), 'EM-MOCK-0015', 'IN', '2026-06-02 08:45:00'),
((SELECT id FROM crm_hr_employee WHERE employee_no='EM-MOCK-0015'), 'EM-MOCK-0015', 'OUT', '2026-06-02 17:45:00'),
((SELECT id FROM crm_hr_employee WHERE employee_no='EM-MOCK-0015'), 'EM-MOCK-0015', 'IN', '2026-06-03 08:45:00'),
((SELECT id FROM crm_hr_employee WHERE employee_no='EM-MOCK-0015'), 'EM-MOCK-0015', 'OUT', '2026-06-03 17:45:00'),
((SELECT id FROM crm_hr_employee WHERE employee_no='EM-MOCK-0015'), 'EM-MOCK-0015', 'IN', '2026-06-04 08:45:00'),
((SELECT id FROM crm_hr_employee WHERE employee_no='EM-MOCK-0015'), 'EM-MOCK-0015', 'OUT', '2026-06-04 17:45:00'),
((SELECT id FROM crm_hr_employee WHERE employee_no='EM-MOCK-0015'), 'EM-MOCK-0015', 'IN', '2026-06-05 08:45:00'),
((SELECT id FROM crm_hr_employee WHERE employee_no='EM-MOCK-0015'), 'EM-MOCK-0015', 'OUT', '2026-06-05 17:45:00'),
((SELECT id FROM crm_hr_employee WHERE employee_no='EM-MOCK-0016'), 'EM-MOCK-0016', 'IN', '2026-06-01 08:46:00'),
((SELECT id FROM crm_hr_employee WHERE employee_no='EM-MOCK-0016'), 'EM-MOCK-0016', 'OUT', '2026-06-01 17:46:00'),
((SELECT id FROM crm_hr_employee WHERE employee_no='EM-MOCK-0016'), 'EM-MOCK-0016', 'IN', '2026-06-02 08:46:00'),
((SELECT id FROM crm_hr_employee WHERE employee_no='EM-MOCK-0016'), 'EM-MOCK-0016', 'OUT', '2026-06-02 17:46:00'),
((SELECT id FROM crm_hr_employee WHERE employee_no='EM-MOCK-0016'), 'EM-MOCK-0016', 'IN', '2026-06-03 08:46:00'),
((SELECT id FROM crm_hr_employee WHERE employee_no='EM-MOCK-0016'), 'EM-MOCK-0016', 'OUT', '2026-06-03 17:46:00'),
((SELECT id FROM crm_hr_employee WHERE employee_no='EM-MOCK-0016'), 'EM-MOCK-0016', 'IN', '2026-06-04 08:46:00'),
((SELECT id FROM crm_hr_employee WHERE employee_no='EM-MOCK-0016'), 'EM-MOCK-0016', 'OUT', '2026-06-04 17:46:00'),
((SELECT id FROM crm_hr_employee WHERE employee_no='EM-MOCK-0016'), 'EM-MOCK-0016', 'IN', '2026-06-05 08:46:00'),
((SELECT id FROM crm_hr_employee WHERE employee_no='EM-MOCK-0016'), 'EM-MOCK-0016', 'OUT', '2026-06-05 17:46:00'),
((SELECT id FROM crm_hr_employee WHERE employee_no='EM-MOCK-0017'), 'EM-MOCK-0017', 'IN', '2026-06-01 08:47:00'),
((SELECT id FROM crm_hr_employee WHERE employee_no='EM-MOCK-0017'), 'EM-MOCK-0017', 'OUT', '2026-06-01 17:47:00'),
((SELECT id FROM crm_hr_employee WHERE employee_no='EM-MOCK-0017'), 'EM-MOCK-0017', 'IN', '2026-06-02 08:47:00'),
((SELECT id FROM crm_hr_employee WHERE employee_no='EM-MOCK-0017'), 'EM-MOCK-0017', 'OUT', '2026-06-02 17:47:00'),
((SELECT id FROM crm_hr_employee WHERE employee_no='EM-MOCK-0017'), 'EM-MOCK-0017', 'IN', '2026-06-03 08:47:00'),
((SELECT id FROM crm_hr_employee WHERE employee_no='EM-MOCK-0017'), 'EM-MOCK-0017', 'OUT', '2026-06-03 17:47:00'),
((SELECT id FROM crm_hr_employee WHERE employee_no='EM-MOCK-0017'), 'EM-MOCK-0017', 'IN', '2026-06-04 08:47:00'),
((SELECT id FROM crm_hr_employee WHERE employee_no='EM-MOCK-0017'), 'EM-MOCK-0017', 'OUT', '2026-06-04 17:47:00'),
((SELECT id FROM crm_hr_employee WHERE employee_no='EM-MOCK-0017'), 'EM-MOCK-0017', 'IN', '2026-06-05 08:47:00'),
((SELECT id FROM crm_hr_employee WHERE employee_no='EM-MOCK-0017'), 'EM-MOCK-0017', 'OUT', '2026-06-05 17:47:00'),
((SELECT id FROM crm_hr_employee WHERE employee_no='EM-MOCK-0018'), 'EM-MOCK-0018', 'IN', '2026-06-01 08:48:00'),
((SELECT id FROM crm_hr_employee WHERE employee_no='EM-MOCK-0018'), 'EM-MOCK-0018', 'OUT', '2026-06-01 17:48:00'),
((SELECT id FROM crm_hr_employee WHERE employee_no='EM-MOCK-0018'), 'EM-MOCK-0018', 'IN', '2026-06-02 08:48:00'),
((SELECT id FROM crm_hr_employee WHERE employee_no='EM-MOCK-0018'), 'EM-MOCK-0018', 'OUT', '2026-06-02 17:48:00'),
((SELECT id FROM crm_hr_employee WHERE employee_no='EM-MOCK-0018'), 'EM-MOCK-0018', 'IN', '2026-06-03 08:48:00'),
((SELECT id FROM crm_hr_employee WHERE employee_no='EM-MOCK-0018'), 'EM-MOCK-0018', 'OUT', '2026-06-03 17:48:00'),
((SELECT id FROM crm_hr_employee WHERE employee_no='EM-MOCK-0018'), 'EM-MOCK-0018', 'IN', '2026-06-04 08:48:00'),
((SELECT id FROM crm_hr_employee WHERE employee_no='EM-MOCK-0018'), 'EM-MOCK-0018', 'OUT', '2026-06-04 17:48:00'),
((SELECT id FROM crm_hr_employee WHERE employee_no='EM-MOCK-0018'), 'EM-MOCK-0018', 'IN', '2026-06-05 08:48:00'),
((SELECT id FROM crm_hr_employee WHERE employee_no='EM-MOCK-0018'), 'EM-MOCK-0018', 'OUT', '2026-06-05 17:48:00'),
((SELECT id FROM crm_hr_employee WHERE employee_no='EM-MOCK-0019'), 'EM-MOCK-0019', 'IN', '2026-06-01 08:49:00'),
((SELECT id FROM crm_hr_employee WHERE employee_no='EM-MOCK-0019'), 'EM-MOCK-0019', 'OUT', '2026-06-01 17:49:00'),
((SELECT id FROM crm_hr_employee WHERE employee_no='EM-MOCK-0019'), 'EM-MOCK-0019', 'IN', '2026-06-02 08:49:00'),
((SELECT id FROM crm_hr_employee WHERE employee_no='EM-MOCK-0019'), 'EM-MOCK-0019', 'OUT', '2026-06-02 17:49:00'),
((SELECT id FROM crm_hr_employee WHERE employee_no='EM-MOCK-0019'), 'EM-MOCK-0019', 'IN', '2026-06-03 08:49:00'),
((SELECT id FROM crm_hr_employee WHERE employee_no='EM-MOCK-0019'), 'EM-MOCK-0019', 'OUT', '2026-06-03 17:49:00'),
((SELECT id FROM crm_hr_employee WHERE employee_no='EM-MOCK-0019'), 'EM-MOCK-0019', 'IN', '2026-06-04 08:49:00'),
((SELECT id FROM crm_hr_employee WHERE employee_no='EM-MOCK-0019'), 'EM-MOCK-0019', 'OUT', '2026-06-04 17:49:00'),
((SELECT id FROM crm_hr_employee WHERE employee_no='EM-MOCK-0019'), 'EM-MOCK-0019', 'IN', '2026-06-05 08:49:00'),
((SELECT id FROM crm_hr_employee WHERE employee_no='EM-MOCK-0019'), 'EM-MOCK-0019', 'OUT', '2026-06-05 17:49:00'),
((SELECT id FROM crm_hr_employee WHERE employee_no='EM-MOCK-0020'), 'EM-MOCK-0020', 'IN', '2026-06-01 08:50:00'),
((SELECT id FROM crm_hr_employee WHERE employee_no='EM-MOCK-0020'), 'EM-MOCK-0020', 'OUT', '2026-06-01 17:50:00'),
((SELECT id FROM crm_hr_employee WHERE employee_no='EM-MOCK-0020'), 'EM-MOCK-0020', 'IN', '2026-06-02 08:50:00'),
((SELECT id FROM crm_hr_employee WHERE employee_no='EM-MOCK-0020'), 'EM-MOCK-0020', 'OUT', '2026-06-02 17:50:00'),
((SELECT id FROM crm_hr_employee WHERE employee_no='EM-MOCK-0020'), 'EM-MOCK-0020', 'IN', '2026-06-03 08:50:00'),
((SELECT id FROM crm_hr_employee WHERE employee_no='EM-MOCK-0020'), 'EM-MOCK-0020', 'OUT', '2026-06-03 17:50:00'),
((SELECT id FROM crm_hr_employee WHERE employee_no='EM-MOCK-0020'), 'EM-MOCK-0020', 'IN', '2026-06-04 08:50:00'),
((SELECT id FROM crm_hr_employee WHERE employee_no='EM-MOCK-0020'), 'EM-MOCK-0020', 'OUT', '2026-06-04 17:50:00'),
((SELECT id FROM crm_hr_employee WHERE employee_no='EM-MOCK-0020'), 'EM-MOCK-0020', 'IN', '2026-06-05 08:50:00'),
((SELECT id FROM crm_hr_employee WHERE employee_no='EM-MOCK-0020'), 'EM-MOCK-0020', 'OUT', '2026-06-05 17:50:00'),
((SELECT id FROM crm_hr_employee WHERE employee_no='EM-MOCK-0021'), 'EM-MOCK-0021', 'IN', '2026-06-01 08:51:00'),
((SELECT id FROM crm_hr_employee WHERE employee_no='EM-MOCK-0021'), 'EM-MOCK-0021', 'OUT', '2026-06-01 17:51:00'),
((SELECT id FROM crm_hr_employee WHERE employee_no='EM-MOCK-0021'), 'EM-MOCK-0021', 'IN', '2026-06-02 08:51:00'),
((SELECT id FROM crm_hr_employee WHERE employee_no='EM-MOCK-0021'), 'EM-MOCK-0021', 'OUT', '2026-06-02 17:51:00'),
((SELECT id FROM crm_hr_employee WHERE employee_no='EM-MOCK-0021'), 'EM-MOCK-0021', 'IN', '2026-06-03 08:51:00'),
((SELECT id FROM crm_hr_employee WHERE employee_no='EM-MOCK-0021'), 'EM-MOCK-0021', 'OUT', '2026-06-03 17:51:00'),
((SELECT id FROM crm_hr_employee WHERE employee_no='EM-MOCK-0021'), 'EM-MOCK-0021', 'IN', '2026-06-04 08:51:00'),
((SELECT id FROM crm_hr_employee WHERE employee_no='EM-MOCK-0021'), 'EM-MOCK-0021', 'OUT', '2026-06-04 17:51:00'),
((SELECT id FROM crm_hr_employee WHERE employee_no='EM-MOCK-0021'), 'EM-MOCK-0021', 'IN', '2026-06-05 08:51:00'),
((SELECT id FROM crm_hr_employee WHERE employee_no='EM-MOCK-0021'), 'EM-MOCK-0021', 'OUT', '2026-06-05 17:51:00'),
((SELECT id FROM crm_hr_employee WHERE employee_no='EM-MOCK-0022'), 'EM-MOCK-0022', 'IN', '2026-06-01 08:52:00'),
((SELECT id FROM crm_hr_employee WHERE employee_no='EM-MOCK-0022'), 'EM-MOCK-0022', 'OUT', '2026-06-01 17:52:00'),
((SELECT id FROM crm_hr_employee WHERE employee_no='EM-MOCK-0022'), 'EM-MOCK-0022', 'IN', '2026-06-02 08:52:00'),
((SELECT id FROM crm_hr_employee WHERE employee_no='EM-MOCK-0022'), 'EM-MOCK-0022', 'OUT', '2026-06-02 17:52:00'),
((SELECT id FROM crm_hr_employee WHERE employee_no='EM-MOCK-0022'), 'EM-MOCK-0022', 'IN', '2026-06-03 08:52:00'),
((SELECT id FROM crm_hr_employee WHERE employee_no='EM-MOCK-0022'), 'EM-MOCK-0022', 'OUT', '2026-06-03 17:52:00'),
((SELECT id FROM crm_hr_employee WHERE employee_no='EM-MOCK-0022'), 'EM-MOCK-0022', 'IN', '2026-06-04 08:52:00'),
((SELECT id FROM crm_hr_employee WHERE employee_no='EM-MOCK-0022'), 'EM-MOCK-0022', 'OUT', '2026-06-04 17:52:00'),
((SELECT id FROM crm_hr_employee WHERE employee_no='EM-MOCK-0022'), 'EM-MOCK-0022', 'IN', '2026-06-05 08:52:00'),
((SELECT id FROM crm_hr_employee WHERE employee_no='EM-MOCK-0022'), 'EM-MOCK-0022', 'OUT', '2026-06-05 17:52:00'),
((SELECT id FROM crm_hr_employee WHERE employee_no='EM-MOCK-0023'), 'EM-MOCK-0023', 'IN', '2026-06-01 08:53:00'),
((SELECT id FROM crm_hr_employee WHERE employee_no='EM-MOCK-0023'), 'EM-MOCK-0023', 'OUT', '2026-06-01 17:53:00'),
((SELECT id FROM crm_hr_employee WHERE employee_no='EM-MOCK-0023'), 'EM-MOCK-0023', 'IN', '2026-06-02 08:53:00'),
((SELECT id FROM crm_hr_employee WHERE employee_no='EM-MOCK-0023'), 'EM-MOCK-0023', 'OUT', '2026-06-02 17:53:00'),
((SELECT id FROM crm_hr_employee WHERE employee_no='EM-MOCK-0023'), 'EM-MOCK-0023', 'IN', '2026-06-03 08:53:00'),
((SELECT id FROM crm_hr_employee WHERE employee_no='EM-MOCK-0023'), 'EM-MOCK-0023', 'OUT', '2026-06-03 17:53:00'),
((SELECT id FROM crm_hr_employee WHERE employee_no='EM-MOCK-0023'), 'EM-MOCK-0023', 'IN', '2026-06-04 08:53:00'),
((SELECT id FROM crm_hr_employee WHERE employee_no='EM-MOCK-0023'), 'EM-MOCK-0023', 'OUT', '2026-06-04 17:53:00'),
((SELECT id FROM crm_hr_employee WHERE employee_no='EM-MOCK-0023'), 'EM-MOCK-0023', 'IN', '2026-06-05 08:53:00'),
((SELECT id FROM crm_hr_employee WHERE employee_no='EM-MOCK-0023'), 'EM-MOCK-0023', 'OUT', '2026-06-05 17:53:00'),
((SELECT id FROM crm_hr_employee WHERE employee_no='EM-MOCK-0024'), 'EM-MOCK-0024', 'IN', '2026-06-01 08:54:00'),
((SELECT id FROM crm_hr_employee WHERE employee_no='EM-MOCK-0024'), 'EM-MOCK-0024', 'OUT', '2026-06-01 17:54:00'),
((SELECT id FROM crm_hr_employee WHERE employee_no='EM-MOCK-0024'), 'EM-MOCK-0024', 'IN', '2026-06-02 08:54:00'),
((SELECT id FROM crm_hr_employee WHERE employee_no='EM-MOCK-0024'), 'EM-MOCK-0024', 'OUT', '2026-06-02 17:54:00'),
((SELECT id FROM crm_hr_employee WHERE employee_no='EM-MOCK-0024'), 'EM-MOCK-0024', 'IN', '2026-06-03 08:54:00'),
((SELECT id FROM crm_hr_employee WHERE employee_no='EM-MOCK-0024'), 'EM-MOCK-0024', 'OUT', '2026-06-03 17:54:00'),
((SELECT id FROM crm_hr_employee WHERE employee_no='EM-MOCK-0024'), 'EM-MOCK-0024', 'IN', '2026-06-04 08:54:00'),
((SELECT id FROM crm_hr_employee WHERE employee_no='EM-MOCK-0024'), 'EM-MOCK-0024', 'OUT', '2026-06-04 17:54:00'),
((SELECT id FROM crm_hr_employee WHERE employee_no='EM-MOCK-0024'), 'EM-MOCK-0024', 'IN', '2026-06-05 08:54:00'),
((SELECT id FROM crm_hr_employee WHERE employee_no='EM-MOCK-0024'), 'EM-MOCK-0024', 'OUT', '2026-06-05 17:54:00'),
((SELECT id FROM crm_hr_employee WHERE employee_no='EM-MOCK-0025'), 'EM-MOCK-0025', 'IN', '2026-06-01 08:55:00'),
((SELECT id FROM crm_hr_employee WHERE employee_no='EM-MOCK-0025'), 'EM-MOCK-0025', 'OUT', '2026-06-01 17:55:00'),
((SELECT id FROM crm_hr_employee WHERE employee_no='EM-MOCK-0025'), 'EM-MOCK-0025', 'IN', '2026-06-02 08:55:00'),
((SELECT id FROM crm_hr_employee WHERE employee_no='EM-MOCK-0025'), 'EM-MOCK-0025', 'OUT', '2026-06-02 17:55:00'),
((SELECT id FROM crm_hr_employee WHERE employee_no='EM-MOCK-0025'), 'EM-MOCK-0025', 'IN', '2026-06-03 08:55:00'),
((SELECT id FROM crm_hr_employee WHERE employee_no='EM-MOCK-0025'), 'EM-MOCK-0025', 'OUT', '2026-06-03 17:55:00'),
((SELECT id FROM crm_hr_employee WHERE employee_no='EM-MOCK-0025'), 'EM-MOCK-0025', 'IN', '2026-06-04 08:55:00'),
((SELECT id FROM crm_hr_employee WHERE employee_no='EM-MOCK-0025'), 'EM-MOCK-0025', 'OUT', '2026-06-04 17:55:00'),
((SELECT id FROM crm_hr_employee WHERE employee_no='EM-MOCK-0025'), 'EM-MOCK-0025', 'IN', '2026-06-05 08:55:00'),
((SELECT id FROM crm_hr_employee WHERE employee_no='EM-MOCK-0025'), 'EM-MOCK-0025', 'OUT', '2026-06-05 17:55:00'),
((SELECT id FROM crm_hr_employee WHERE employee_no='EM-MOCK-0026'), 'EM-MOCK-0026', 'IN', '2026-06-01 08:56:00'),
((SELECT id FROM crm_hr_employee WHERE employee_no='EM-MOCK-0026'), 'EM-MOCK-0026', 'OUT', '2026-06-01 17:56:00'),
((SELECT id FROM crm_hr_employee WHERE employee_no='EM-MOCK-0026'), 'EM-MOCK-0026', 'IN', '2026-06-02 08:56:00'),
((SELECT id FROM crm_hr_employee WHERE employee_no='EM-MOCK-0026'), 'EM-MOCK-0026', 'OUT', '2026-06-02 17:56:00'),
((SELECT id FROM crm_hr_employee WHERE employee_no='EM-MOCK-0026'), 'EM-MOCK-0026', 'IN', '2026-06-03 08:56:00'),
((SELECT id FROM crm_hr_employee WHERE employee_no='EM-MOCK-0026'), 'EM-MOCK-0026', 'OUT', '2026-06-03 17:56:00'),
((SELECT id FROM crm_hr_employee WHERE employee_no='EM-MOCK-0026'), 'EM-MOCK-0026', 'IN', '2026-06-04 08:56:00'),
((SELECT id FROM crm_hr_employee WHERE employee_no='EM-MOCK-0026'), 'EM-MOCK-0026', 'OUT', '2026-06-04 17:56:00'),
((SELECT id FROM crm_hr_employee WHERE employee_no='EM-MOCK-0026'), 'EM-MOCK-0026', 'IN', '2026-06-05 08:56:00'),
((SELECT id FROM crm_hr_employee WHERE employee_no='EM-MOCK-0026'), 'EM-MOCK-0026', 'OUT', '2026-06-05 17:56:00'),
((SELECT id FROM crm_hr_employee WHERE employee_no='EM-MOCK-0027'), 'EM-MOCK-0027', 'IN', '2026-06-01 08:57:00'),
((SELECT id FROM crm_hr_employee WHERE employee_no='EM-MOCK-0027'), 'EM-MOCK-0027', 'OUT', '2026-06-01 17:57:00'),
((SELECT id FROM crm_hr_employee WHERE employee_no='EM-MOCK-0027'), 'EM-MOCK-0027', 'IN', '2026-06-02 08:57:00'),
((SELECT id FROM crm_hr_employee WHERE employee_no='EM-MOCK-0027'), 'EM-MOCK-0027', 'OUT', '2026-06-02 17:57:00'),
((SELECT id FROM crm_hr_employee WHERE employee_no='EM-MOCK-0027'), 'EM-MOCK-0027', 'IN', '2026-06-03 08:57:00'),
((SELECT id FROM crm_hr_employee WHERE employee_no='EM-MOCK-0027'), 'EM-MOCK-0027', 'OUT', '2026-06-03 17:57:00'),
((SELECT id FROM crm_hr_employee WHERE employee_no='EM-MOCK-0027'), 'EM-MOCK-0027', 'IN', '2026-06-04 08:57:00'),
((SELECT id FROM crm_hr_employee WHERE employee_no='EM-MOCK-0027'), 'EM-MOCK-0027', 'OUT', '2026-06-04 17:57:00'),
((SELECT id FROM crm_hr_employee WHERE employee_no='EM-MOCK-0027'), 'EM-MOCK-0027', 'IN', '2026-06-05 08:57:00'),
((SELECT id FROM crm_hr_employee WHERE employee_no='EM-MOCK-0027'), 'EM-MOCK-0027', 'OUT', '2026-06-05 17:57:00'),
((SELECT id FROM crm_hr_employee WHERE employee_no='EM-MOCK-0028'), 'EM-MOCK-0028', 'IN', '2026-06-01 08:58:00'),
((SELECT id FROM crm_hr_employee WHERE employee_no='EM-MOCK-0028'), 'EM-MOCK-0028', 'OUT', '2026-06-01 17:58:00'),
((SELECT id FROM crm_hr_employee WHERE employee_no='EM-MOCK-0028'), 'EM-MOCK-0028', 'IN', '2026-06-02 08:58:00'),
((SELECT id FROM crm_hr_employee WHERE employee_no='EM-MOCK-0028'), 'EM-MOCK-0028', 'OUT', '2026-06-02 17:58:00'),
((SELECT id FROM crm_hr_employee WHERE employee_no='EM-MOCK-0028'), 'EM-MOCK-0028', 'IN', '2026-06-03 08:58:00'),
((SELECT id FROM crm_hr_employee WHERE employee_no='EM-MOCK-0028'), 'EM-MOCK-0028', 'OUT', '2026-06-03 17:58:00'),
((SELECT id FROM crm_hr_employee WHERE employee_no='EM-MOCK-0028'), 'EM-MOCK-0028', 'IN', '2026-06-04 08:58:00'),
((SELECT id FROM crm_hr_employee WHERE employee_no='EM-MOCK-0028'), 'EM-MOCK-0028', 'OUT', '2026-06-04 17:58:00'),
((SELECT id FROM crm_hr_employee WHERE employee_no='EM-MOCK-0028'), 'EM-MOCK-0028', 'IN', '2026-06-05 08:58:00'),
((SELECT id FROM crm_hr_employee WHERE employee_no='EM-MOCK-0028'), 'EM-MOCK-0028', 'OUT', '2026-06-05 17:58:00'),
((SELECT id FROM crm_hr_employee WHERE employee_no='EM-MOCK-0029'), 'EM-MOCK-0029', 'IN', '2026-06-01 08:30:00'),
((SELECT id FROM crm_hr_employee WHERE employee_no='EM-MOCK-0029'), 'EM-MOCK-0029', 'OUT', '2026-06-01 17:30:00'),
((SELECT id FROM crm_hr_employee WHERE employee_no='EM-MOCK-0029'), 'EM-MOCK-0029', 'IN', '2026-06-02 08:30:00'),
((SELECT id FROM crm_hr_employee WHERE employee_no='EM-MOCK-0029'), 'EM-MOCK-0029', 'OUT', '2026-06-02 17:30:00'),
((SELECT id FROM crm_hr_employee WHERE employee_no='EM-MOCK-0029'), 'EM-MOCK-0029', 'IN', '2026-06-03 08:30:00'),
((SELECT id FROM crm_hr_employee WHERE employee_no='EM-MOCK-0029'), 'EM-MOCK-0029', 'OUT', '2026-06-03 17:30:00'),
((SELECT id FROM crm_hr_employee WHERE employee_no='EM-MOCK-0029'), 'EM-MOCK-0029', 'IN', '2026-06-04 08:30:00'),
((SELECT id FROM crm_hr_employee WHERE employee_no='EM-MOCK-0029'), 'EM-MOCK-0029', 'OUT', '2026-06-04 17:30:00'),
((SELECT id FROM crm_hr_employee WHERE employee_no='EM-MOCK-0029'), 'EM-MOCK-0029', 'IN', '2026-06-05 08:30:00'),
((SELECT id FROM crm_hr_employee WHERE employee_no='EM-MOCK-0029'), 'EM-MOCK-0029', 'OUT', '2026-06-05 17:30:00'),
((SELECT id FROM crm_hr_employee WHERE employee_no='EM-MOCK-0030'), 'EM-MOCK-0030', 'IN', '2026-06-01 08:31:00'),
((SELECT id FROM crm_hr_employee WHERE employee_no='EM-MOCK-0030'), 'EM-MOCK-0030', 'OUT', '2026-06-01 17:31:00'),
((SELECT id FROM crm_hr_employee WHERE employee_no='EM-MOCK-0030'), 'EM-MOCK-0030', 'IN', '2026-06-02 08:31:00'),
((SELECT id FROM crm_hr_employee WHERE employee_no='EM-MOCK-0030'), 'EM-MOCK-0030', 'OUT', '2026-06-02 17:31:00'),
((SELECT id FROM crm_hr_employee WHERE employee_no='EM-MOCK-0030'), 'EM-MOCK-0030', 'IN', '2026-06-03 08:31:00'),
((SELECT id FROM crm_hr_employee WHERE employee_no='EM-MOCK-0030'), 'EM-MOCK-0030', 'OUT', '2026-06-03 17:31:00'),
((SELECT id FROM crm_hr_employee WHERE employee_no='EM-MOCK-0030'), 'EM-MOCK-0030', 'IN', '2026-06-04 08:31:00'),
((SELECT id FROM crm_hr_employee WHERE employee_no='EM-MOCK-0030'), 'EM-MOCK-0030', 'OUT', '2026-06-04 17:31:00'),
((SELECT id FROM crm_hr_employee WHERE employee_no='EM-MOCK-0030'), 'EM-MOCK-0030', 'IN', '2026-06-05 08:31:00'),
((SELECT id FROM crm_hr_employee WHERE employee_no='EM-MOCK-0030'), 'EM-MOCK-0030', 'OUT', '2026-06-05 17:31:00'),
((SELECT id FROM crm_hr_employee WHERE employee_no='EM-MOCK-0031'), 'EM-MOCK-0031', 'IN', '2026-06-01 08:32:00'),
((SELECT id FROM crm_hr_employee WHERE employee_no='EM-MOCK-0031'), 'EM-MOCK-0031', 'OUT', '2026-06-01 17:32:00'),
((SELECT id FROM crm_hr_employee WHERE employee_no='EM-MOCK-0031'), 'EM-MOCK-0031', 'IN', '2026-06-02 08:32:00'),
((SELECT id FROM crm_hr_employee WHERE employee_no='EM-MOCK-0031'), 'EM-MOCK-0031', 'OUT', '2026-06-02 17:32:00'),
((SELECT id FROM crm_hr_employee WHERE employee_no='EM-MOCK-0031'), 'EM-MOCK-0031', 'IN', '2026-06-03 08:32:00'),
((SELECT id FROM crm_hr_employee WHERE employee_no='EM-MOCK-0031'), 'EM-MOCK-0031', 'OUT', '2026-06-03 17:32:00'),
((SELECT id FROM crm_hr_employee WHERE employee_no='EM-MOCK-0031'), 'EM-MOCK-0031', 'IN', '2026-06-04 08:32:00'),
((SELECT id FROM crm_hr_employee WHERE employee_no='EM-MOCK-0031'), 'EM-MOCK-0031', 'OUT', '2026-06-04 17:32:00'),
((SELECT id FROM crm_hr_employee WHERE employee_no='EM-MOCK-0031'), 'EM-MOCK-0031', 'IN', '2026-06-05 08:32:00'),
((SELECT id FROM crm_hr_employee WHERE employee_no='EM-MOCK-0031'), 'EM-MOCK-0031', 'OUT', '2026-06-05 17:32:00'),
((SELECT id FROM crm_hr_employee WHERE employee_no='EM-MOCK-0032'), 'EM-MOCK-0032', 'IN', '2026-06-01 08:33:00'),
((SELECT id FROM crm_hr_employee WHERE employee_no='EM-MOCK-0032'), 'EM-MOCK-0032', 'OUT', '2026-06-01 17:33:00'),
((SELECT id FROM crm_hr_employee WHERE employee_no='EM-MOCK-0032'), 'EM-MOCK-0032', 'IN', '2026-06-02 08:33:00'),
((SELECT id FROM crm_hr_employee WHERE employee_no='EM-MOCK-0032'), 'EM-MOCK-0032', 'OUT', '2026-06-02 17:33:00'),
((SELECT id FROM crm_hr_employee WHERE employee_no='EM-MOCK-0032'), 'EM-MOCK-0032', 'IN', '2026-06-03 08:33:00'),
((SELECT id FROM crm_hr_employee WHERE employee_no='EM-MOCK-0032'), 'EM-MOCK-0032', 'OUT', '2026-06-03 17:33:00'),
((SELECT id FROM crm_hr_employee WHERE employee_no='EM-MOCK-0032'), 'EM-MOCK-0032', 'IN', '2026-06-04 08:33:00'),
((SELECT id FROM crm_hr_employee WHERE employee_no='EM-MOCK-0032'), 'EM-MOCK-0032', 'OUT', '2026-06-04 17:33:00'),
((SELECT id FROM crm_hr_employee WHERE employee_no='EM-MOCK-0032'), 'EM-MOCK-0032', 'IN', '2026-06-05 08:33:00'),
((SELECT id FROM crm_hr_employee WHERE employee_no='EM-MOCK-0032'), 'EM-MOCK-0032', 'OUT', '2026-06-05 17:33:00'),
((SELECT id FROM crm_hr_employee WHERE employee_no='EM-MOCK-0033'), 'EM-MOCK-0033', 'IN', '2026-06-01 08:34:00'),
((SELECT id FROM crm_hr_employee WHERE employee_no='EM-MOCK-0033'), 'EM-MOCK-0033', 'OUT', '2026-06-01 17:34:00'),
((SELECT id FROM crm_hr_employee WHERE employee_no='EM-MOCK-0033'), 'EM-MOCK-0033', 'IN', '2026-06-02 08:34:00'),
((SELECT id FROM crm_hr_employee WHERE employee_no='EM-MOCK-0033'), 'EM-MOCK-0033', 'OUT', '2026-06-02 17:34:00'),
((SELECT id FROM crm_hr_employee WHERE employee_no='EM-MOCK-0033'), 'EM-MOCK-0033', 'IN', '2026-06-03 08:34:00'),
((SELECT id FROM crm_hr_employee WHERE employee_no='EM-MOCK-0033'), 'EM-MOCK-0033', 'OUT', '2026-06-03 17:34:00'),
((SELECT id FROM crm_hr_employee WHERE employee_no='EM-MOCK-0033'), 'EM-MOCK-0033', 'IN', '2026-06-04 08:34:00'),
((SELECT id FROM crm_hr_employee WHERE employee_no='EM-MOCK-0033'), 'EM-MOCK-0033', 'OUT', '2026-06-04 17:34:00'),
((SELECT id FROM crm_hr_employee WHERE employee_no='EM-MOCK-0033'), 'EM-MOCK-0033', 'IN', '2026-06-05 08:34:00'),
((SELECT id FROM crm_hr_employee WHERE employee_no='EM-MOCK-0033'), 'EM-MOCK-0033', 'OUT', '2026-06-05 17:34:00'),
((SELECT id FROM crm_hr_employee WHERE employee_no='EM-MOCK-0034'), 'EM-MOCK-0034', 'IN', '2026-06-01 08:35:00'),
((SELECT id FROM crm_hr_employee WHERE employee_no='EM-MOCK-0034'), 'EM-MOCK-0034', 'OUT', '2026-06-01 17:35:00'),
((SELECT id FROM crm_hr_employee WHERE employee_no='EM-MOCK-0034'), 'EM-MOCK-0034', 'IN', '2026-06-02 08:35:00'),
((SELECT id FROM crm_hr_employee WHERE employee_no='EM-MOCK-0034'), 'EM-MOCK-0034', 'OUT', '2026-06-02 17:35:00'),
((SELECT id FROM crm_hr_employee WHERE employee_no='EM-MOCK-0034'), 'EM-MOCK-0034', 'IN', '2026-06-03 08:35:00'),
((SELECT id FROM crm_hr_employee WHERE employee_no='EM-MOCK-0034'), 'EM-MOCK-0034', 'OUT', '2026-06-03 17:35:00'),
((SELECT id FROM crm_hr_employee WHERE employee_no='EM-MOCK-0034'), 'EM-MOCK-0034', 'IN', '2026-06-04 08:35:00'),
((SELECT id FROM crm_hr_employee WHERE employee_no='EM-MOCK-0034'), 'EM-MOCK-0034', 'OUT', '2026-06-04 17:35:00'),
((SELECT id FROM crm_hr_employee WHERE employee_no='EM-MOCK-0034'), 'EM-MOCK-0034', 'IN', '2026-06-05 08:35:00'),
((SELECT id FROM crm_hr_employee WHERE employee_no='EM-MOCK-0034'), 'EM-MOCK-0034', 'OUT', '2026-06-05 17:35:00'),
((SELECT id FROM crm_hr_employee WHERE employee_no='EM-MOCK-0035'), 'EM-MOCK-0035', 'IN', '2026-06-01 08:36:00'),
((SELECT id FROM crm_hr_employee WHERE employee_no='EM-MOCK-0035'), 'EM-MOCK-0035', 'OUT', '2026-06-01 17:36:00'),
((SELECT id FROM crm_hr_employee WHERE employee_no='EM-MOCK-0035'), 'EM-MOCK-0035', 'IN', '2026-06-02 08:36:00'),
((SELECT id FROM crm_hr_employee WHERE employee_no='EM-MOCK-0035'), 'EM-MOCK-0035', 'OUT', '2026-06-02 17:36:00'),
((SELECT id FROM crm_hr_employee WHERE employee_no='EM-MOCK-0035'), 'EM-MOCK-0035', 'IN', '2026-06-03 08:36:00'),
((SELECT id FROM crm_hr_employee WHERE employee_no='EM-MOCK-0035'), 'EM-MOCK-0035', 'OUT', '2026-06-03 17:36:00'),
((SELECT id FROM crm_hr_employee WHERE employee_no='EM-MOCK-0035'), 'EM-MOCK-0035', 'IN', '2026-06-04 08:36:00'),
((SELECT id FROM crm_hr_employee WHERE employee_no='EM-MOCK-0035'), 'EM-MOCK-0035', 'OUT', '2026-06-04 17:36:00'),
((SELECT id FROM crm_hr_employee WHERE employee_no='EM-MOCK-0035'), 'EM-MOCK-0035', 'IN', '2026-06-05 08:36:00'),
((SELECT id FROM crm_hr_employee WHERE employee_no='EM-MOCK-0035'), 'EM-MOCK-0035', 'OUT', '2026-06-05 17:36:00'),
((SELECT id FROM crm_hr_employee WHERE employee_no='EM-MOCK-0036'), 'EM-MOCK-0036', 'IN', '2026-06-01 08:37:00'),
((SELECT id FROM crm_hr_employee WHERE employee_no='EM-MOCK-0036'), 'EM-MOCK-0036', 'OUT', '2026-06-01 17:37:00'),
((SELECT id FROM crm_hr_employee WHERE employee_no='EM-MOCK-0036'), 'EM-MOCK-0036', 'IN', '2026-06-02 08:37:00'),
((SELECT id FROM crm_hr_employee WHERE employee_no='EM-MOCK-0036'), 'EM-MOCK-0036', 'OUT', '2026-06-02 17:37:00'),
((SELECT id FROM crm_hr_employee WHERE employee_no='EM-MOCK-0036'), 'EM-MOCK-0036', 'IN', '2026-06-03 08:37:00'),
((SELECT id FROM crm_hr_employee WHERE employee_no='EM-MOCK-0036'), 'EM-MOCK-0036', 'OUT', '2026-06-03 17:37:00'),
((SELECT id FROM crm_hr_employee WHERE employee_no='EM-MOCK-0036'), 'EM-MOCK-0036', 'IN', '2026-06-04 08:37:00'),
((SELECT id FROM crm_hr_employee WHERE employee_no='EM-MOCK-0036'), 'EM-MOCK-0036', 'OUT', '2026-06-04 17:37:00'),
((SELECT id FROM crm_hr_employee WHERE employee_no='EM-MOCK-0036'), 'EM-MOCK-0036', 'IN', '2026-06-05 08:37:00'),
((SELECT id FROM crm_hr_employee WHERE employee_no='EM-MOCK-0036'), 'EM-MOCK-0036', 'OUT', '2026-06-05 17:37:00'),
((SELECT id FROM crm_hr_employee WHERE employee_no='EM-MOCK-0037'), 'EM-MOCK-0037', 'IN', '2026-06-01 08:38:00'),
((SELECT id FROM crm_hr_employee WHERE employee_no='EM-MOCK-0037'), 'EM-MOCK-0037', 'OUT', '2026-06-01 17:38:00'),
((SELECT id FROM crm_hr_employee WHERE employee_no='EM-MOCK-0037'), 'EM-MOCK-0037', 'IN', '2026-06-02 08:38:00'),
((SELECT id FROM crm_hr_employee WHERE employee_no='EM-MOCK-0037'), 'EM-MOCK-0037', 'OUT', '2026-06-02 17:38:00'),
((SELECT id FROM crm_hr_employee WHERE employee_no='EM-MOCK-0037'), 'EM-MOCK-0037', 'IN', '2026-06-03 08:38:00'),
((SELECT id FROM crm_hr_employee WHERE employee_no='EM-MOCK-0037'), 'EM-MOCK-0037', 'OUT', '2026-06-03 17:38:00'),
((SELECT id FROM crm_hr_employee WHERE employee_no='EM-MOCK-0037'), 'EM-MOCK-0037', 'IN', '2026-06-04 08:38:00'),
((SELECT id FROM crm_hr_employee WHERE employee_no='EM-MOCK-0037'), 'EM-MOCK-0037', 'OUT', '2026-06-04 17:38:00'),
((SELECT id FROM crm_hr_employee WHERE employee_no='EM-MOCK-0037'), 'EM-MOCK-0037', 'IN', '2026-06-05 08:38:00'),
((SELECT id FROM crm_hr_employee WHERE employee_no='EM-MOCK-0037'), 'EM-MOCK-0037', 'OUT', '2026-06-05 17:38:00'),
((SELECT id FROM crm_hr_employee WHERE employee_no='EM-MOCK-0038'), 'EM-MOCK-0038', 'IN', '2026-06-01 08:39:00'),
((SELECT id FROM crm_hr_employee WHERE employee_no='EM-MOCK-0038'), 'EM-MOCK-0038', 'OUT', '2026-06-01 17:39:00'),
((SELECT id FROM crm_hr_employee WHERE employee_no='EM-MOCK-0038'), 'EM-MOCK-0038', 'IN', '2026-06-02 08:39:00'),
((SELECT id FROM crm_hr_employee WHERE employee_no='EM-MOCK-0038'), 'EM-MOCK-0038', 'OUT', '2026-06-02 17:39:00'),
((SELECT id FROM crm_hr_employee WHERE employee_no='EM-MOCK-0038'), 'EM-MOCK-0038', 'IN', '2026-06-03 08:39:00'),
((SELECT id FROM crm_hr_employee WHERE employee_no='EM-MOCK-0038'), 'EM-MOCK-0038', 'OUT', '2026-06-03 17:39:00'),
((SELECT id FROM crm_hr_employee WHERE employee_no='EM-MOCK-0038'), 'EM-MOCK-0038', 'IN', '2026-06-04 08:39:00'),
((SELECT id FROM crm_hr_employee WHERE employee_no='EM-MOCK-0038'), 'EM-MOCK-0038', 'OUT', '2026-06-04 17:39:00'),
((SELECT id FROM crm_hr_employee WHERE employee_no='EM-MOCK-0038'), 'EM-MOCK-0038', 'IN', '2026-06-05 08:39:00'),
((SELECT id FROM crm_hr_employee WHERE employee_no='EM-MOCK-0038'), 'EM-MOCK-0038', 'OUT', '2026-06-05 17:39:00'),
((SELECT id FROM crm_hr_employee WHERE employee_no='EM-MOCK-0039'), 'EM-MOCK-0039', 'IN', '2026-06-01 08:40:00'),
((SELECT id FROM crm_hr_employee WHERE employee_no='EM-MOCK-0039'), 'EM-MOCK-0039', 'OUT', '2026-06-01 17:40:00'),
((SELECT id FROM crm_hr_employee WHERE employee_no='EM-MOCK-0039'), 'EM-MOCK-0039', 'IN', '2026-06-02 08:40:00'),
((SELECT id FROM crm_hr_employee WHERE employee_no='EM-MOCK-0039'), 'EM-MOCK-0039', 'OUT', '2026-06-02 17:40:00'),
((SELECT id FROM crm_hr_employee WHERE employee_no='EM-MOCK-0039'), 'EM-MOCK-0039', 'IN', '2026-06-03 08:40:00'),
((SELECT id FROM crm_hr_employee WHERE employee_no='EM-MOCK-0039'), 'EM-MOCK-0039', 'OUT', '2026-06-03 17:40:00'),
((SELECT id FROM crm_hr_employee WHERE employee_no='EM-MOCK-0039'), 'EM-MOCK-0039', 'IN', '2026-06-04 08:40:00'),
((SELECT id FROM crm_hr_employee WHERE employee_no='EM-MOCK-0039'), 'EM-MOCK-0039', 'OUT', '2026-06-04 17:40:00'),
((SELECT id FROM crm_hr_employee WHERE employee_no='EM-MOCK-0039'), 'EM-MOCK-0039', 'IN', '2026-06-05 08:40:00'),
((SELECT id FROM crm_hr_employee WHERE employee_no='EM-MOCK-0039'), 'EM-MOCK-0039', 'OUT', '2026-06-05 17:40:00'),
((SELECT id FROM crm_hr_employee WHERE employee_no='EM-MOCK-0040'), 'EM-MOCK-0040', 'IN', '2026-06-01 08:41:00'),
((SELECT id FROM crm_hr_employee WHERE employee_no='EM-MOCK-0040'), 'EM-MOCK-0040', 'OUT', '2026-06-01 17:41:00'),
((SELECT id FROM crm_hr_employee WHERE employee_no='EM-MOCK-0040'), 'EM-MOCK-0040', 'IN', '2026-06-02 08:41:00'),
((SELECT id FROM crm_hr_employee WHERE employee_no='EM-MOCK-0040'), 'EM-MOCK-0040', 'OUT', '2026-06-02 17:41:00'),
((SELECT id FROM crm_hr_employee WHERE employee_no='EM-MOCK-0040'), 'EM-MOCK-0040', 'IN', '2026-06-03 08:41:00'),
((SELECT id FROM crm_hr_employee WHERE employee_no='EM-MOCK-0040'), 'EM-MOCK-0040', 'OUT', '2026-06-03 17:41:00'),
((SELECT id FROM crm_hr_employee WHERE employee_no='EM-MOCK-0040'), 'EM-MOCK-0040', 'IN', '2026-06-04 08:41:00'),
((SELECT id FROM crm_hr_employee WHERE employee_no='EM-MOCK-0040'), 'EM-MOCK-0040', 'OUT', '2026-06-04 17:41:00'),
((SELECT id FROM crm_hr_employee WHERE employee_no='EM-MOCK-0040'), 'EM-MOCK-0040', 'IN', '2026-06-05 08:41:00'),
((SELECT id FROM crm_hr_employee WHERE employee_no='EM-MOCK-0040'), 'EM-MOCK-0040', 'OUT', '2026-06-05 17:41:00'),
((SELECT id FROM crm_hr_employee WHERE employee_no='EM-MOCK-0041'), 'EM-MOCK-0041', 'IN', '2026-06-01 08:42:00'),
((SELECT id FROM crm_hr_employee WHERE employee_no='EM-MOCK-0041'), 'EM-MOCK-0041', 'OUT', '2026-06-01 17:42:00'),
((SELECT id FROM crm_hr_employee WHERE employee_no='EM-MOCK-0041'), 'EM-MOCK-0041', 'IN', '2026-06-02 08:42:00'),
((SELECT id FROM crm_hr_employee WHERE employee_no='EM-MOCK-0041'), 'EM-MOCK-0041', 'OUT', '2026-06-02 17:42:00'),
((SELECT id FROM crm_hr_employee WHERE employee_no='EM-MOCK-0041'), 'EM-MOCK-0041', 'IN', '2026-06-03 08:42:00'),
((SELECT id FROM crm_hr_employee WHERE employee_no='EM-MOCK-0041'), 'EM-MOCK-0041', 'OUT', '2026-06-03 17:42:00'),
((SELECT id FROM crm_hr_employee WHERE employee_no='EM-MOCK-0041'), 'EM-MOCK-0041', 'IN', '2026-06-04 08:42:00'),
((SELECT id FROM crm_hr_employee WHERE employee_no='EM-MOCK-0041'), 'EM-MOCK-0041', 'OUT', '2026-06-04 17:42:00'),
((SELECT id FROM crm_hr_employee WHERE employee_no='EM-MOCK-0041'), 'EM-MOCK-0041', 'IN', '2026-06-05 08:42:00'),
((SELECT id FROM crm_hr_employee WHERE employee_no='EM-MOCK-0041'), 'EM-MOCK-0041', 'OUT', '2026-06-05 17:42:00'),
((SELECT id FROM crm_hr_employee WHERE employee_no='EM-MOCK-0042'), 'EM-MOCK-0042', 'IN', '2026-06-01 08:43:00'),
((SELECT id FROM crm_hr_employee WHERE employee_no='EM-MOCK-0042'), 'EM-MOCK-0042', 'OUT', '2026-06-01 17:43:00'),
((SELECT id FROM crm_hr_employee WHERE employee_no='EM-MOCK-0042'), 'EM-MOCK-0042', 'IN', '2026-06-02 08:43:00'),
((SELECT id FROM crm_hr_employee WHERE employee_no='EM-MOCK-0042'), 'EM-MOCK-0042', 'OUT', '2026-06-02 17:43:00'),
((SELECT id FROM crm_hr_employee WHERE employee_no='EM-MOCK-0042'), 'EM-MOCK-0042', 'IN', '2026-06-03 08:43:00'),
((SELECT id FROM crm_hr_employee WHERE employee_no='EM-MOCK-0042'), 'EM-MOCK-0042', 'OUT', '2026-06-03 17:43:00'),
((SELECT id FROM crm_hr_employee WHERE employee_no='EM-MOCK-0042'), 'EM-MOCK-0042', 'IN', '2026-06-04 08:43:00'),
((SELECT id FROM crm_hr_employee WHERE employee_no='EM-MOCK-0042'), 'EM-MOCK-0042', 'OUT', '2026-06-04 17:43:00'),
((SELECT id FROM crm_hr_employee WHERE employee_no='EM-MOCK-0042'), 'EM-MOCK-0042', 'IN', '2026-06-05 08:43:00'),
((SELECT id FROM crm_hr_employee WHERE employee_no='EM-MOCK-0042'), 'EM-MOCK-0042', 'OUT', '2026-06-05 17:43:00'),
((SELECT id FROM crm_hr_employee WHERE employee_no='EM-MOCK-0043'), 'EM-MOCK-0043', 'IN', '2026-06-01 08:44:00'),
((SELECT id FROM crm_hr_employee WHERE employee_no='EM-MOCK-0043'), 'EM-MOCK-0043', 'OUT', '2026-06-01 17:44:00'),
((SELECT id FROM crm_hr_employee WHERE employee_no='EM-MOCK-0043'), 'EM-MOCK-0043', 'IN', '2026-06-02 08:44:00'),
((SELECT id FROM crm_hr_employee WHERE employee_no='EM-MOCK-0043'), 'EM-MOCK-0043', 'OUT', '2026-06-02 17:44:00'),
((SELECT id FROM crm_hr_employee WHERE employee_no='EM-MOCK-0043'), 'EM-MOCK-0043', 'IN', '2026-06-03 08:44:00'),
((SELECT id FROM crm_hr_employee WHERE employee_no='EM-MOCK-0043'), 'EM-MOCK-0043', 'OUT', '2026-06-03 17:44:00'),
((SELECT id FROM crm_hr_employee WHERE employee_no='EM-MOCK-0043'), 'EM-MOCK-0043', 'IN', '2026-06-04 08:44:00'),
((SELECT id FROM crm_hr_employee WHERE employee_no='EM-MOCK-0043'), 'EM-MOCK-0043', 'OUT', '2026-06-04 17:44:00'),
((SELECT id FROM crm_hr_employee WHERE employee_no='EM-MOCK-0043'), 'EM-MOCK-0043', 'IN', '2026-06-05 08:44:00'),
((SELECT id FROM crm_hr_employee WHERE employee_no='EM-MOCK-0043'), 'EM-MOCK-0043', 'OUT', '2026-06-05 17:44:00'),
((SELECT id FROM crm_hr_employee WHERE employee_no='EM-MOCK-0044'), 'EM-MOCK-0044', 'IN', '2026-06-01 08:45:00'),
((SELECT id FROM crm_hr_employee WHERE employee_no='EM-MOCK-0044'), 'EM-MOCK-0044', 'OUT', '2026-06-01 17:45:00'),
((SELECT id FROM crm_hr_employee WHERE employee_no='EM-MOCK-0044'), 'EM-MOCK-0044', 'IN', '2026-06-02 08:45:00'),
((SELECT id FROM crm_hr_employee WHERE employee_no='EM-MOCK-0044'), 'EM-MOCK-0044', 'OUT', '2026-06-02 17:45:00'),
((SELECT id FROM crm_hr_employee WHERE employee_no='EM-MOCK-0044'), 'EM-MOCK-0044', 'IN', '2026-06-03 08:45:00'),
((SELECT id FROM crm_hr_employee WHERE employee_no='EM-MOCK-0044'), 'EM-MOCK-0044', 'OUT', '2026-06-03 17:45:00'),
((SELECT id FROM crm_hr_employee WHERE employee_no='EM-MOCK-0044'), 'EM-MOCK-0044', 'IN', '2026-06-04 08:45:00'),
((SELECT id FROM crm_hr_employee WHERE employee_no='EM-MOCK-0044'), 'EM-MOCK-0044', 'OUT', '2026-06-04 17:45:00'),
((SELECT id FROM crm_hr_employee WHERE employee_no='EM-MOCK-0044'), 'EM-MOCK-0044', 'IN', '2026-06-05 08:45:00'),
((SELECT id FROM crm_hr_employee WHERE employee_no='EM-MOCK-0044'), 'EM-MOCK-0044', 'OUT', '2026-06-05 17:45:00'),
((SELECT id FROM crm_hr_employee WHERE employee_no='EM-MOCK-0045'), 'EM-MOCK-0045', 'IN', '2026-06-01 08:46:00'),
((SELECT id FROM crm_hr_employee WHERE employee_no='EM-MOCK-0045'), 'EM-MOCK-0045', 'OUT', '2026-06-01 17:46:00'),
((SELECT id FROM crm_hr_employee WHERE employee_no='EM-MOCK-0045'), 'EM-MOCK-0045', 'IN', '2026-06-02 08:46:00'),
((SELECT id FROM crm_hr_employee WHERE employee_no='EM-MOCK-0045'), 'EM-MOCK-0045', 'OUT', '2026-06-02 17:46:00'),
((SELECT id FROM crm_hr_employee WHERE employee_no='EM-MOCK-0045'), 'EM-MOCK-0045', 'IN', '2026-06-03 08:46:00'),
((SELECT id FROM crm_hr_employee WHERE employee_no='EM-MOCK-0045'), 'EM-MOCK-0045', 'OUT', '2026-06-03 17:46:00'),
((SELECT id FROM crm_hr_employee WHERE employee_no='EM-MOCK-0045'), 'EM-MOCK-0045', 'IN', '2026-06-04 08:46:00'),
((SELECT id FROM crm_hr_employee WHERE employee_no='EM-MOCK-0045'), 'EM-MOCK-0045', 'OUT', '2026-06-04 17:46:00'),
((SELECT id FROM crm_hr_employee WHERE employee_no='EM-MOCK-0045'), 'EM-MOCK-0045', 'IN', '2026-06-05 08:46:00'),
((SELECT id FROM crm_hr_employee WHERE employee_no='EM-MOCK-0045'), 'EM-MOCK-0045', 'OUT', '2026-06-05 17:46:00'),
((SELECT id FROM crm_hr_employee WHERE employee_no='EM-MOCK-0046'), 'EM-MOCK-0046', 'IN', '2026-06-01 08:47:00'),
((SELECT id FROM crm_hr_employee WHERE employee_no='EM-MOCK-0046'), 'EM-MOCK-0046', 'OUT', '2026-06-01 17:47:00'),
((SELECT id FROM crm_hr_employee WHERE employee_no='EM-MOCK-0046'), 'EM-MOCK-0046', 'IN', '2026-06-02 08:47:00'),
((SELECT id FROM crm_hr_employee WHERE employee_no='EM-MOCK-0046'), 'EM-MOCK-0046', 'OUT', '2026-06-02 17:47:00'),
((SELECT id FROM crm_hr_employee WHERE employee_no='EM-MOCK-0046'), 'EM-MOCK-0046', 'IN', '2026-06-03 08:47:00'),
((SELECT id FROM crm_hr_employee WHERE employee_no='EM-MOCK-0046'), 'EM-MOCK-0046', 'OUT', '2026-06-03 17:47:00'),
((SELECT id FROM crm_hr_employee WHERE employee_no='EM-MOCK-0046'), 'EM-MOCK-0046', 'IN', '2026-06-04 08:47:00'),
((SELECT id FROM crm_hr_employee WHERE employee_no='EM-MOCK-0046'), 'EM-MOCK-0046', 'OUT', '2026-06-04 17:47:00'),
((SELECT id FROM crm_hr_employee WHERE employee_no='EM-MOCK-0046'), 'EM-MOCK-0046', 'IN', '2026-06-05 08:47:00'),
((SELECT id FROM crm_hr_employee WHERE employee_no='EM-MOCK-0046'), 'EM-MOCK-0046', 'OUT', '2026-06-05 17:47:00'),
((SELECT id FROM crm_hr_employee WHERE employee_no='EM-MOCK-0047'), 'EM-MOCK-0047', 'IN', '2026-06-01 08:48:00'),
((SELECT id FROM crm_hr_employee WHERE employee_no='EM-MOCK-0047'), 'EM-MOCK-0047', 'OUT', '2026-06-01 17:48:00'),
((SELECT id FROM crm_hr_employee WHERE employee_no='EM-MOCK-0047'), 'EM-MOCK-0047', 'IN', '2026-06-02 08:48:00'),
((SELECT id FROM crm_hr_employee WHERE employee_no='EM-MOCK-0047'), 'EM-MOCK-0047', 'OUT', '2026-06-02 17:48:00'),
((SELECT id FROM crm_hr_employee WHERE employee_no='EM-MOCK-0047'), 'EM-MOCK-0047', 'IN', '2026-06-03 08:48:00'),
((SELECT id FROM crm_hr_employee WHERE employee_no='EM-MOCK-0047'), 'EM-MOCK-0047', 'OUT', '2026-06-03 17:48:00'),
((SELECT id FROM crm_hr_employee WHERE employee_no='EM-MOCK-0047'), 'EM-MOCK-0047', 'IN', '2026-06-04 08:48:00'),
((SELECT id FROM crm_hr_employee WHERE employee_no='EM-MOCK-0047'), 'EM-MOCK-0047', 'OUT', '2026-06-04 17:48:00'),
((SELECT id FROM crm_hr_employee WHERE employee_no='EM-MOCK-0047'), 'EM-MOCK-0047', 'IN', '2026-06-05 08:48:00'),
((SELECT id FROM crm_hr_employee WHERE employee_no='EM-MOCK-0047'), 'EM-MOCK-0047', 'OUT', '2026-06-05 17:48:00'),
((SELECT id FROM crm_hr_employee WHERE employee_no='EM-MOCK-0048'), 'EM-MOCK-0048', 'IN', '2026-06-01 08:49:00'),
((SELECT id FROM crm_hr_employee WHERE employee_no='EM-MOCK-0048'), 'EM-MOCK-0048', 'OUT', '2026-06-01 17:49:00'),
((SELECT id FROM crm_hr_employee WHERE employee_no='EM-MOCK-0048'), 'EM-MOCK-0048', 'IN', '2026-06-02 08:49:00'),
((SELECT id FROM crm_hr_employee WHERE employee_no='EM-MOCK-0048'), 'EM-MOCK-0048', 'OUT', '2026-06-02 17:49:00'),
((SELECT id FROM crm_hr_employee WHERE employee_no='EM-MOCK-0048'), 'EM-MOCK-0048', 'IN', '2026-06-03 08:49:00'),
((SELECT id FROM crm_hr_employee WHERE employee_no='EM-MOCK-0048'), 'EM-MOCK-0048', 'OUT', '2026-06-03 17:49:00'),
((SELECT id FROM crm_hr_employee WHERE employee_no='EM-MOCK-0048'), 'EM-MOCK-0048', 'IN', '2026-06-04 08:49:00'),
((SELECT id FROM crm_hr_employee WHERE employee_no='EM-MOCK-0048'), 'EM-MOCK-0048', 'OUT', '2026-06-04 17:49:00'),
((SELECT id FROM crm_hr_employee WHERE employee_no='EM-MOCK-0048'), 'EM-MOCK-0048', 'IN', '2026-06-05 08:49:00'),
((SELECT id FROM crm_hr_employee WHERE employee_no='EM-MOCK-0048'), 'EM-MOCK-0048', 'OUT', '2026-06-05 17:49:00'),
((SELECT id FROM crm_hr_employee WHERE employee_no='EM-MOCK-0049'), 'EM-MOCK-0049', 'IN', '2026-06-01 08:50:00'),
((SELECT id FROM crm_hr_employee WHERE employee_no='EM-MOCK-0049'), 'EM-MOCK-0049', 'OUT', '2026-06-01 17:50:00'),
((SELECT id FROM crm_hr_employee WHERE employee_no='EM-MOCK-0049'), 'EM-MOCK-0049', 'IN', '2026-06-02 08:50:00'),
((SELECT id FROM crm_hr_employee WHERE employee_no='EM-MOCK-0049'), 'EM-MOCK-0049', 'OUT', '2026-06-02 17:50:00'),
((SELECT id FROM crm_hr_employee WHERE employee_no='EM-MOCK-0049'), 'EM-MOCK-0049', 'IN', '2026-06-03 08:50:00'),
((SELECT id FROM crm_hr_employee WHERE employee_no='EM-MOCK-0049'), 'EM-MOCK-0049', 'OUT', '2026-06-03 17:50:00'),
((SELECT id FROM crm_hr_employee WHERE employee_no='EM-MOCK-0049'), 'EM-MOCK-0049', 'IN', '2026-06-04 08:50:00'),
((SELECT id FROM crm_hr_employee WHERE employee_no='EM-MOCK-0049'), 'EM-MOCK-0049', 'OUT', '2026-06-04 17:50:00'),
((SELECT id FROM crm_hr_employee WHERE employee_no='EM-MOCK-0049'), 'EM-MOCK-0049', 'IN', '2026-06-05 08:50:00'),
((SELECT id FROM crm_hr_employee WHERE employee_no='EM-MOCK-0049'), 'EM-MOCK-0049', 'OUT', '2026-06-05 17:50:00'),
((SELECT id FROM crm_hr_employee WHERE employee_no='EM-MOCK-0050'), 'EM-MOCK-0050', 'IN', '2026-06-01 08:51:00'),
((SELECT id FROM crm_hr_employee WHERE employee_no='EM-MOCK-0050'), 'EM-MOCK-0050', 'OUT', '2026-06-01 17:51:00'),
((SELECT id FROM crm_hr_employee WHERE employee_no='EM-MOCK-0050'), 'EM-MOCK-0050', 'IN', '2026-06-02 08:51:00'),
((SELECT id FROM crm_hr_employee WHERE employee_no='EM-MOCK-0050'), 'EM-MOCK-0050', 'OUT', '2026-06-02 17:51:00'),
((SELECT id FROM crm_hr_employee WHERE employee_no='EM-MOCK-0050'), 'EM-MOCK-0050', 'IN', '2026-06-03 08:51:00'),
((SELECT id FROM crm_hr_employee WHERE employee_no='EM-MOCK-0050'), 'EM-MOCK-0050', 'OUT', '2026-06-03 17:51:00'),
((SELECT id FROM crm_hr_employee WHERE employee_no='EM-MOCK-0050'), 'EM-MOCK-0050', 'IN', '2026-06-04 08:51:00'),
((SELECT id FROM crm_hr_employee WHERE employee_no='EM-MOCK-0050'), 'EM-MOCK-0050', 'OUT', '2026-06-04 17:51:00'),
((SELECT id FROM crm_hr_employee WHERE employee_no='EM-MOCK-0050'), 'EM-MOCK-0050', 'IN', '2026-06-05 08:51:00'),
((SELECT id FROM crm_hr_employee WHERE employee_no='EM-MOCK-0050'), 'EM-MOCK-0050', 'OUT', '2026-06-05 17:51:00');

INSERT INTO `crm_hr_payroll` (`payroll_no`, `period_year`, `period_month`, `employee_id`, `employee_no`, `employee_name`, `base_salary`, `overtime_hours`, `overtime_pay`, `bonus`, `deduction`, `tax`, `net_salary`, `status`) VALUES
('PY-MOCK-0001', 2026, 6, (SELECT id FROM crm_hr_employee WHERE employee_no='EM-MOCK-0001'), 'EM-MOCK-0001', '钱强', 6000.00, 0.5, 25.86, 150.00, 70.00, 33.18, 6072.68, 'APPROVED'),
('PY-MOCK-0002', 2026, 6, (SELECT id FROM crm_hr_employee WHERE employee_no='EM-MOCK-0002'), 'EM-MOCK-0002', '孙军', 6500.00, 1.0, 56.03, 200.00, 90.00, 49.98, 6616.05, 'APPROVED'),
('PY-MOCK-0003', 2026, 6, (SELECT id FROM crm_hr_employee WHERE employee_no='EM-MOCK-0003'), 'EM-MOCK-0003', '李洋', 7000.00, 1.5, 90.52, 250.00, 50.00, 68.72, 7221.80, 'DRAFT'),
('PY-MOCK-0004', 2026, 6, (SELECT id FROM crm_hr_employee WHERE employee_no='EM-MOCK-0004'), 'EM-MOCK-0004', '周杰', 7500.00, 2.0, 129.31, 300.00, 70.00, 85.78, 7773.53, 'APPROVED'),
('PY-MOCK-0005', 2026, 6, (SELECT id FROM crm_hr_employee WHERE employee_no='EM-MOCK-0005'), 'EM-MOCK-0005', '吴明', 8000.00, 2.5, 172.41, 100.00, 90.00, 95.47, 8086.94, 'APPROVED'),
('PY-MOCK-0006', 2026, 6, (SELECT id FROM crm_hr_employee WHERE employee_no='EM-MOCK-0006'), 'EM-MOCK-0006', '郑霞', 8500.00, 3.0, 219.83, 150.00, 50.00, 114.59, 8705.24, 'DRAFT'),
('PY-MOCK-0007', 2026, 6, (SELECT id FROM crm_hr_employee WHERE employee_no='EM-MOCK-0007'), 'EM-MOCK-0007', '王桂', 9000.00, 3.5, 271.55, 200.00, 70.00, 132.05, 9269.50, 'APPROVED'),
('PY-MOCK-0008', 2026, 6, (SELECT id FROM crm_hr_employee WHERE employee_no='EM-MOCK-0008'), 'EM-MOCK-0008', '冯玉', 9500.00, 4.0, 327.59, 250.00, 90.00, 149.63, 9837.96, 'APPROVED'),
('PY-MOCK-0009', 2026, 6, (SELECT id FROM crm_hr_employee WHERE employee_no='EM-MOCK-0009'), 'EM-MOCK-0009', '陈丽', 10000.00, 4.5, 387.93, 300.00, 50.00, 169.14, 10468.79, 'DRAFT'),
('PY-MOCK-0010', 2026, 6, (SELECT id FROM crm_hr_employee WHERE employee_no='EM-MOCK-0010'), 'EM-MOCK-0010', '褚娜', 5500.00, 5.0, 237.07, 100.00, 70.00, 23.01, 5744.06, 'APPROVED'),
('PY-MOCK-0011', 2026, 6, (SELECT id FROM crm_hr_employee WHERE employee_no='EM-MOCK-0011'), 'EM-MOCK-0011', '卫磊', 6000.00, 5.5, 284.48, 150.00, 90.00, 40.33, 6304.15, 'APPROVED'),
('PY-MOCK-0012', 2026, 6, (SELECT id FROM crm_hr_employee WHERE employee_no='EM-MOCK-0012'), 'EM-MOCK-0012', '蒋婷', 6500.00, 0.0, 0.00, 200.00, 50.00, 49.50, 6600.50, 'DRAFT'),
('PY-MOCK-0013', 2026, 6, (SELECT id FROM crm_hr_employee WHERE employee_no='EM-MOCK-0013'), 'EM-MOCK-0013', '沈艳', 7000.00, 0.5, 30.17, 250.00, 70.00, 66.31, 7143.86, 'APPROVED'),
('PY-MOCK-0014', 2026, 6, (SELECT id FROM crm_hr_employee WHERE employee_no='EM-MOCK-0014'), 'EM-MOCK-0014', '韩涛', 7500.00, 1.0, 64.66, 300.00, 90.00, 83.24, 7691.42, 'APPROVED'),
('PY-MOCK-0015', 2026, 6, (SELECT id FROM crm_hr_employee WHERE employee_no='EM-MOCK-0015'), 'EM-MOCK-0015', '杨秀', 8000.00, 1.5, 103.45, 100.00, 50.00, 94.60, 8058.85, 'DRAFT'),
('PY-MOCK-0016', 2026, 6, (SELECT id FROM crm_hr_employee WHERE employee_no='EM-MOCK-0016'), 'EM-MOCK-0016', '朱刚', 8500.00, 2.0, 146.55, 150.00, 70.00, 111.80, 8614.75, 'APPROVED'),
('PY-MOCK-0017', 2026, 6, (SELECT id FROM crm_hr_employee WHERE employee_no='EM-MOCK-0017'), 'EM-MOCK-0017', '秦华', 9000.00, 2.5, 193.97, 200.00, 90.00, 129.12, 9174.85, 'APPROVED'),
('PY-MOCK-0018', 2026, 6, (SELECT id FROM crm_hr_employee WHERE employee_no='EM-MOCK-0018'), 'EM-MOCK-0018', '尤红', 9500.00, 3.0, 245.69, 250.00, 50.00, 148.37, 9797.32, 'DRAFT'),
('PY-MOCK-0019', 2026, 6, (SELECT id FROM crm_hr_employee WHERE employee_no='EM-MOCK-0019'), 'EM-MOCK-0019', '许芳', 10000.00, 3.5, 301.72, 300.00, 70.00, 165.95, 10365.77, 'APPROVED'),
('PY-MOCK-0020', 2026, 6, (SELECT id FROM crm_hr_employee WHERE employee_no='EM-MOCK-0020'), 'EM-MOCK-0020', '何静', 5500.00, 4.0, 189.66, 100.00, 90.00, 20.99, 5678.67, 'APPROVED'),
('PY-MOCK-0021', 2026, 6, (SELECT id FROM crm_hr_employee WHERE employee_no='EM-MOCK-0021'), 'EM-MOCK-0021', '吕敏', 6000.00, 4.5, 232.76, 150.00, 50.00, 39.98, 6292.78, 'DRAFT'),
('PY-MOCK-0022', 2026, 6, (SELECT id FROM crm_hr_employee WHERE employee_no='EM-MOCK-0022'), 'EM-MOCK-0022', '施勇', 6500.00, 5.0, 280.17, 200.00, 70.00, 57.31, 6852.86, 'APPROVED'),
('PY-MOCK-0023', 2026, 6, (SELECT id FROM crm_hr_employee WHERE employee_no='EM-MOCK-0023'), 'EM-MOCK-0023', '张娟', 7000.00, 5.5, 331.90, 250.00, 90.00, 74.76, 7417.14, 'APPROVED'),
('PY-MOCK-0024', 2026, 6, (SELECT id FROM crm_hr_employee WHERE employee_no='EM-MOCK-0024'), 'EM-MOCK-0024', '孔超', 7500.00, 0.0, 0.00, 300.00, 50.00, 82.50, 7667.50, 'DRAFT'),
('PY-MOCK-0025', 2026, 6, (SELECT id FROM crm_hr_employee WHERE employee_no='EM-MOCK-0025'), 'EM-MOCK-0025', '曹平', 8000.00, 0.5, 34.48, 100.00, 70.00, 91.93, 7972.55, 'APPROVED'),
('PY-MOCK-0026', 2026, 6, (SELECT id FROM crm_hr_employee WHERE employee_no='EM-MOCK-0026'), 'EM-MOCK-0026', '严英', 8500.00, 1.0, 73.28, 150.00, 90.00, 109.00, 8524.28, 'APPROVED'),
('PY-MOCK-0027', 2026, 6, (SELECT id FROM crm_hr_employee WHERE employee_no='EM-MOCK-0027'), 'EM-MOCK-0027', '华萍', 9000.00, 1.5, 116.38, 200.00, 50.00, 127.99, 9138.39, 'DRAFT'),
('PY-MOCK-0028', 2026, 6, (SELECT id FROM crm_hr_employee WHERE employee_no='EM-MOCK-0028'), 'EM-MOCK-0028', '金伟', 9500.00, 2.0, 163.79, 250.00, 70.00, 145.31, 9698.48, 'APPROVED'),
('PY-MOCK-0029', 2026, 6, (SELECT id FROM crm_hr_employee WHERE employee_no='EM-MOCK-0029'), 'EM-MOCK-0029', '魏强', 10000.00, 2.5, 215.52, 300.00, 90.00, 162.77, 10262.75, 'APPROVED'),
('PY-MOCK-0030', 2026, 6, (SELECT id FROM crm_hr_employee WHERE employee_no='EM-MOCK-0030'), 'EM-MOCK-0030', '陶军', 5500.00, 3.0, 142.24, 100.00, 50.00, 20.77, 5671.47, 'DRAFT'),
('PY-MOCK-0031', 2026, 6, (SELECT id FROM crm_hr_employee WHERE employee_no='EM-MOCK-0031'), 'EM-MOCK-0031', '姜洋', 6000.00, 3.5, 181.03, 150.00, 70.00, 37.83, 6223.20, 'APPROVED'),
('PY-MOCK-0032', 2026, 6, (SELECT id FROM crm_hr_employee WHERE employee_no='EM-MOCK-0032'), 'EM-MOCK-0032', '赵杰', 6500.00, 4.0, 224.14, 200.00, 90.00, 55.02, 6779.12, 'APPROVED'),
('PY-MOCK-0033', 2026, 6, (SELECT id FROM crm_hr_employee WHERE employee_no='EM-MOCK-0033'), 'EM-MOCK-0033', '钱明', 7000.00, 4.5, 271.55, 250.00, 50.00, 74.15, 7397.40, 'DRAFT'),
('PY-MOCK-0034', 2026, 6, (SELECT id FROM crm_hr_employee WHERE employee_no='EM-MOCK-0034'), 'EM-MOCK-0034', '孙霞', 7500.00, 5.0, 323.28, 300.00, 70.00, 91.60, 7961.68, 'APPROVED'),
('PY-MOCK-0035', 2026, 6, (SELECT id FROM crm_hr_employee WHERE employee_no='EM-MOCK-0035'), 'EM-MOCK-0035', '李桂', 8000.00, 5.5, 379.31, 100.00, 90.00, 101.68, 8287.63, 'APPROVED'),
('PY-MOCK-0036', 2026, 6, (SELECT id FROM crm_hr_employee WHERE employee_no='EM-MOCK-0036'), 'EM-MOCK-0036', '周玉', 8500.00, 0.0, 0.00, 150.00, 50.00, 108.00, 8492.00, 'DRAFT'),
('PY-MOCK-0037', 2026, 6, (SELECT id FROM crm_hr_employee WHERE employee_no='EM-MOCK-0037'), 'EM-MOCK-0037', '吴丽', 9000.00, 0.5, 38.79, 200.00, 70.00, 125.06, 9043.73, 'APPROVED'),
('PY-MOCK-0038', 2026, 6, (SELECT id FROM crm_hr_employee WHERE employee_no='EM-MOCK-0038'), 'EM-MOCK-0038', '郑娜', 9500.00, 1.0, 81.90, 250.00, 90.00, 142.26, 9599.64, 'APPROVED'),
('PY-MOCK-0039', 2026, 6, (SELECT id FROM crm_hr_employee WHERE employee_no='EM-MOCK-0039'), 'EM-MOCK-0039', '王磊', 10000.00, 1.5, 129.31, 300.00, 50.00, 161.38, 10217.93, 'DRAFT'),
('PY-MOCK-0040', 2026, 6, (SELECT id FROM crm_hr_employee WHERE employee_no='EM-MOCK-0040'), 'EM-MOCK-0040', '冯婷', 5500.00, 2.0, 94.83, 100.00, 70.00, 18.74, 5606.09, 'APPROVED'),
('PY-MOCK-0041', 2026, 6, (SELECT id FROM crm_hr_employee WHERE employee_no='EM-MOCK-0041'), 'EM-MOCK-0041', '陈艳', 6000.00, 2.5, 129.31, 150.00, 90.00, 35.68, 6153.63, 'APPROVED'),
('PY-MOCK-0042', 2026, 6, (SELECT id FROM crm_hr_employee WHERE employee_no='EM-MOCK-0042'), 'EM-MOCK-0042', '褚涛', 6500.00, 3.0, 168.10, 200.00, 50.00, 54.54, 6763.56, 'DRAFT'),
('PY-MOCK-0043', 2026, 6, (SELECT id FROM crm_hr_employee WHERE employee_no='EM-MOCK-0043'), 'EM-MOCK-0043', '卫秀', 7000.00, 3.5, 211.21, 250.00, 70.00, 71.74, 7319.47, 'APPROVED'),
('PY-MOCK-0044', 2026, 6, (SELECT id FROM crm_hr_employee WHERE employee_no='EM-MOCK-0044'), 'EM-MOCK-0044', '蒋刚', 7500.00, 4.0, 258.62, 300.00, 90.00, 89.06, 7879.56, 'APPROVED'),
('PY-MOCK-0045', 2026, 6, (SELECT id FROM crm_hr_employee WHERE employee_no='EM-MOCK-0045'), 'EM-MOCK-0045', '沈华', 8000.00, 4.5, 310.34, 100.00, 50.00, 100.81, 8259.53, 'DRAFT'),
('PY-MOCK-0046', 2026, 6, (SELECT id FROM crm_hr_employee WHERE employee_no='EM-MOCK-0046'), 'EM-MOCK-0046', '韩红', 8500.00, 5.0, 366.38, 150.00, 70.00, 118.39, 8827.99, 'APPROVED'),
('PY-MOCK-0047', 2026, 6, (SELECT id FROM crm_hr_employee WHERE employee_no='EM-MOCK-0047'), 'EM-MOCK-0047', '杨芳', 9000.00, 5.5, 426.72, 200.00, 90.00, 136.10, 9400.62, 'APPROVED'),
('PY-MOCK-0048', 2026, 6, (SELECT id FROM crm_hr_employee WHERE employee_no='EM-MOCK-0048'), 'EM-MOCK-0048', '朱静', 9500.00, 0.0, 0.00, 250.00, 50.00, 141.00, 9559.00, 'DRAFT'),
('PY-MOCK-0049', 2026, 6, (SELECT id FROM crm_hr_employee WHERE employee_no='EM-MOCK-0049'), 'EM-MOCK-0049', '秦敏', 10000.00, 0.5, 43.10, 300.00, 70.00, 158.19, 10114.91, 'APPROVED'),
('PY-MOCK-0050', 2026, 6, (SELECT id FROM crm_hr_employee WHERE employee_no='EM-MOCK-0050'), 'EM-MOCK-0050', '尤勇', 5500.00, 1.0, 47.41, 100.00, 90.00, 16.72, 5540.69, 'APPROVED');

INSERT INTO `crm_hr_performance` (`employee_id`, `employee_no`, `employee_name`, `period_year`, `period_month`, `score`, `grade`, `kpi_items`) VALUES
((SELECT id FROM crm_hr_employee WHERE employee_no='EM-MOCK-0001'), 'EM-MOCK-0001', '钱强', 2026, 6, 86.00, 'B', '{"产量":86,"质量":81}'),
((SELECT id FROM crm_hr_employee WHERE employee_no='EM-MOCK-0002'), 'EM-MOCK-0002', '孙军', 2026, 6, 87.00, 'B', '{"产量":87,"质量":82}'),
((SELECT id FROM crm_hr_employee WHERE employee_no='EM-MOCK-0003'), 'EM-MOCK-0003', '李洋', 2026, 6, 88.00, 'C', '{"产量":88,"质量":83}'),
((SELECT id FROM crm_hr_employee WHERE employee_no='EM-MOCK-0004'), 'EM-MOCK-0004', '周杰', 2026, 6, 89.00, 'A', '{"产量":89,"质量":84}'),
((SELECT id FROM crm_hr_employee WHERE employee_no='EM-MOCK-0005'), 'EM-MOCK-0005', '吴明', 2026, 6, 90.00, 'A', '{"产量":90,"质量":85}'),
((SELECT id FROM crm_hr_employee WHERE employee_no='EM-MOCK-0006'), 'EM-MOCK-0006', '郑霞', 2026, 6, 91.00, 'B', '{"产量":91,"质量":86}'),
((SELECT id FROM crm_hr_employee WHERE employee_no='EM-MOCK-0007'), 'EM-MOCK-0007', '王桂', 2026, 6, 92.00, 'B', '{"产量":92,"质量":87}'),
((SELECT id FROM crm_hr_employee WHERE employee_no='EM-MOCK-0008'), 'EM-MOCK-0008', '冯玉', 2026, 6, 93.00, 'C', '{"产量":93,"质量":88}'),
((SELECT id FROM crm_hr_employee WHERE employee_no='EM-MOCK-0009'), 'EM-MOCK-0009', '陈丽', 2026, 6, 94.00, 'A', '{"产量":94,"质量":89}'),
((SELECT id FROM crm_hr_employee WHERE employee_no='EM-MOCK-0010'), 'EM-MOCK-0010', '褚娜', 2026, 6, 95.00, 'A', '{"产量":95,"质量":90}'),
((SELECT id FROM crm_hr_employee WHERE employee_no='EM-MOCK-0011'), 'EM-MOCK-0011', '卫磊', 2026, 6, 96.00, 'B', '{"产量":96,"质量":91}'),
((SELECT id FROM crm_hr_employee WHERE employee_no='EM-MOCK-0012'), 'EM-MOCK-0012', '蒋婷', 2026, 6, 97.00, 'B', '{"产量":97,"质量":92}'),
((SELECT id FROM crm_hr_employee WHERE employee_no='EM-MOCK-0013'), 'EM-MOCK-0013', '沈艳', 2026, 6, 98.00, 'C', '{"产量":98,"质量":93}'),
((SELECT id FROM crm_hr_employee WHERE employee_no='EM-MOCK-0014'), 'EM-MOCK-0014', '韩涛', 2026, 6, 99.00, 'A', '{"产量":99,"质量":94}'),
((SELECT id FROM crm_hr_employee WHERE employee_no='EM-MOCK-0015'), 'EM-MOCK-0015', '杨秀', 2026, 6, 85.00, 'A', '{"产量":85,"质量":80}'),
((SELECT id FROM crm_hr_employee WHERE employee_no='EM-MOCK-0016'), 'EM-MOCK-0016', '朱刚', 2026, 6, 86.00, 'B', '{"产量":86,"质量":81}'),
((SELECT id FROM crm_hr_employee WHERE employee_no='EM-MOCK-0017'), 'EM-MOCK-0017', '秦华', 2026, 6, 87.00, 'B', '{"产量":87,"质量":82}'),
((SELECT id FROM crm_hr_employee WHERE employee_no='EM-MOCK-0018'), 'EM-MOCK-0018', '尤红', 2026, 6, 88.00, 'C', '{"产量":88,"质量":83}'),
((SELECT id FROM crm_hr_employee WHERE employee_no='EM-MOCK-0019'), 'EM-MOCK-0019', '许芳', 2026, 6, 89.00, 'A', '{"产量":89,"质量":84}'),
((SELECT id FROM crm_hr_employee WHERE employee_no='EM-MOCK-0020'), 'EM-MOCK-0020', '何静', 2026, 6, 90.00, 'A', '{"产量":90,"质量":85}'),
((SELECT id FROM crm_hr_employee WHERE employee_no='EM-MOCK-0021'), 'EM-MOCK-0021', '吕敏', 2026, 6, 91.00, 'B', '{"产量":91,"质量":86}'),
((SELECT id FROM crm_hr_employee WHERE employee_no='EM-MOCK-0022'), 'EM-MOCK-0022', '施勇', 2026, 6, 92.00, 'B', '{"产量":92,"质量":87}'),
((SELECT id FROM crm_hr_employee WHERE employee_no='EM-MOCK-0023'), 'EM-MOCK-0023', '张娟', 2026, 6, 93.00, 'C', '{"产量":93,"质量":88}'),
((SELECT id FROM crm_hr_employee WHERE employee_no='EM-MOCK-0024'), 'EM-MOCK-0024', '孔超', 2026, 6, 94.00, 'A', '{"产量":94,"质量":89}'),
((SELECT id FROM crm_hr_employee WHERE employee_no='EM-MOCK-0025'), 'EM-MOCK-0025', '曹平', 2026, 6, 95.00, 'A', '{"产量":95,"质量":90}'),
((SELECT id FROM crm_hr_employee WHERE employee_no='EM-MOCK-0026'), 'EM-MOCK-0026', '严英', 2026, 6, 96.00, 'B', '{"产量":96,"质量":91}'),
((SELECT id FROM crm_hr_employee WHERE employee_no='EM-MOCK-0027'), 'EM-MOCK-0027', '华萍', 2026, 6, 97.00, 'B', '{"产量":97,"质量":92}'),
((SELECT id FROM crm_hr_employee WHERE employee_no='EM-MOCK-0028'), 'EM-MOCK-0028', '金伟', 2026, 6, 98.00, 'C', '{"产量":98,"质量":93}'),
((SELECT id FROM crm_hr_employee WHERE employee_no='EM-MOCK-0029'), 'EM-MOCK-0029', '魏强', 2026, 6, 99.00, 'A', '{"产量":99,"质量":94}'),
((SELECT id FROM crm_hr_employee WHERE employee_no='EM-MOCK-0030'), 'EM-MOCK-0030', '陶军', 2026, 6, 85.00, 'A', '{"产量":85,"质量":80}'),
((SELECT id FROM crm_hr_employee WHERE employee_no='EM-MOCK-0031'), 'EM-MOCK-0031', '姜洋', 2026, 6, 86.00, 'B', '{"产量":86,"质量":81}'),
((SELECT id FROM crm_hr_employee WHERE employee_no='EM-MOCK-0032'), 'EM-MOCK-0032', '赵杰', 2026, 6, 87.00, 'B', '{"产量":87,"质量":82}'),
((SELECT id FROM crm_hr_employee WHERE employee_no='EM-MOCK-0033'), 'EM-MOCK-0033', '钱明', 2026, 6, 88.00, 'C', '{"产量":88,"质量":83}'),
((SELECT id FROM crm_hr_employee WHERE employee_no='EM-MOCK-0034'), 'EM-MOCK-0034', '孙霞', 2026, 6, 89.00, 'A', '{"产量":89,"质量":84}'),
((SELECT id FROM crm_hr_employee WHERE employee_no='EM-MOCK-0035'), 'EM-MOCK-0035', '李桂', 2026, 6, 90.00, 'A', '{"产量":90,"质量":85}'),
((SELECT id FROM crm_hr_employee WHERE employee_no='EM-MOCK-0036'), 'EM-MOCK-0036', '周玉', 2026, 6, 91.00, 'B', '{"产量":91,"质量":86}'),
((SELECT id FROM crm_hr_employee WHERE employee_no='EM-MOCK-0037'), 'EM-MOCK-0037', '吴丽', 2026, 6, 92.00, 'B', '{"产量":92,"质量":87}'),
((SELECT id FROM crm_hr_employee WHERE employee_no='EM-MOCK-0038'), 'EM-MOCK-0038', '郑娜', 2026, 6, 93.00, 'C', '{"产量":93,"质量":88}'),
((SELECT id FROM crm_hr_employee WHERE employee_no='EM-MOCK-0039'), 'EM-MOCK-0039', '王磊', 2026, 6, 94.00, 'A', '{"产量":94,"质量":89}'),
((SELECT id FROM crm_hr_employee WHERE employee_no='EM-MOCK-0040'), 'EM-MOCK-0040', '冯婷', 2026, 6, 95.00, 'A', '{"产量":95,"质量":90}'),
((SELECT id FROM crm_hr_employee WHERE employee_no='EM-MOCK-0041'), 'EM-MOCK-0041', '陈艳', 2026, 6, 96.00, 'B', '{"产量":96,"质量":91}'),
((SELECT id FROM crm_hr_employee WHERE employee_no='EM-MOCK-0042'), 'EM-MOCK-0042', '褚涛', 2026, 6, 97.00, 'B', '{"产量":97,"质量":92}'),
((SELECT id FROM crm_hr_employee WHERE employee_no='EM-MOCK-0043'), 'EM-MOCK-0043', '卫秀', 2026, 6, 98.00, 'C', '{"产量":98,"质量":93}'),
((SELECT id FROM crm_hr_employee WHERE employee_no='EM-MOCK-0044'), 'EM-MOCK-0044', '蒋刚', 2026, 6, 99.00, 'A', '{"产量":99,"质量":94}'),
((SELECT id FROM crm_hr_employee WHERE employee_no='EM-MOCK-0045'), 'EM-MOCK-0045', '沈华', 2026, 6, 85.00, 'A', '{"产量":85,"质量":80}'),
((SELECT id FROM crm_hr_employee WHERE employee_no='EM-MOCK-0046'), 'EM-MOCK-0046', '韩红', 2026, 6, 86.00, 'B', '{"产量":86,"质量":81}'),
((SELECT id FROM crm_hr_employee WHERE employee_no='EM-MOCK-0047'), 'EM-MOCK-0047', '杨芳', 2026, 6, 87.00, 'B', '{"产量":87,"质量":82}'),
((SELECT id FROM crm_hr_employee WHERE employee_no='EM-MOCK-0048'), 'EM-MOCK-0048', '朱静', 2026, 6, 88.00, 'C', '{"产量":88,"质量":83}'),
((SELECT id FROM crm_hr_employee WHERE employee_no='EM-MOCK-0049'), 'EM-MOCK-0049', '秦敏', 2026, 6, 89.00, 'A', '{"产量":89,"质量":84}'),
((SELECT id FROM crm_hr_employee WHERE employee_no='EM-MOCK-0050'), 'EM-MOCK-0050', '尤勇', 2026, 6, 90.00, 'A', '{"产量":90,"质量":85}');

SET FOREIGN_KEY_CHECKS = 1;

SELECT '=== Mock 批量数据统计 ===' AS info;
SELECT COUNT(*) AS mock_orders FROM crm_order WHERE order_no LIKE 'XS-20260601-%';
SELECT COUNT(*) AS mock_workorders FROM crm_workorder WHERE workorder_no LIKE 'GD-20260601-%';
SELECT COUNT(*) AS mock_employees FROM crm_hr_employee WHERE employee_no LIKE 'EM-MOCK-%';
SELECT COUNT(*) AS mock_outsource FROM crm_outsource_order WHERE outsource_no LIKE 'WW-20260601-%';
SELECT COUNT(*) AS mock_po FROM crm_purchase_order WHERE po_no LIKE 'PO-20260401-%';
SELECT COUNT(*) AS mock_inspection FROM crm_quality_inspection WHERE inspection_no LIKE 'QI-20260601-%';
